Date,Ticker,Name,Shares,Value_Per_Share_EUR,Total_Value_EUR
2025-01-15,CASH,Cash,1.0,1299.0,1299.0
2025-01-15,PORTFOLIO,Total Portfolio,1.0,1299.0,1299.0
2025-01-16,CASH,Cash,1.0,23.45,23.45
2025-01-16,VUSA.DE,VANGUARD S&P 500 UCITS ETF USD,10.0,108.9282,1089.28
2025-01-16,VVSM.DE,VANECK SEMICONDUCTOR UCITS ETF,4.0,42.185,168.74
2025-01-16,PORTFOLIO,Total Portfolio,1.0,1281.47,1281.47
2025-01-17,CASH,Cash,1.0,23.45,23.45
2025-01-17,VUSA.DE,VANGUARD S&P 500 UCITS ETF USD,10.0,109.9726,1099.73
2025-01-17,VVSM.DE,VANECK SEMICONDUCTOR UCITS ETF,4.0,42.55,170.2
2025-01-17,PORTFOLIO,Total Portfolio,1.0,1293.38,1293.38
2025-01-18,CASH,Cash,1.0,23.45,23.45
2025-01-18,VVSM.DE,VANECK SEMICONDUCTOR UCITS ETF,4.0,42.55,170.2
2025-01-18,VUSA.DE,VANGUARD S&P 500 UCITS ETF USD,10.0,109.9726,1099.73
2025-01-18,PORTFOLIO,Total Portfolio,1.0,1293.38,1293.38
2025-01-19,CASH,Cash,1.0,23.45,23.45
2025-01-19,VUSA.DE,VANGUARD S&P 500 UCITS ETF USD,10.0,109.9726,1099.73
2025-01-19,VVSM.DE,VANECK SEMICONDUCTOR UCITS ETF,4.0,42.55,170.2
2025-01-19,PORTFOLIO,Total Portfolio,1.0,1293.38,1293.38
2025-01-20,CASH,Cash,1.0,23.45,23.45
2025-01-20,VUSA.DE,VANGUARD S&P 500 UCITS ETF USD,10.0,109.2614,1092.61
2025-01-20,VVSM.DE,VANECK SEMICONDUCTOR UCITS ETF,4.0,42.68,170.72
2025-01-20,PORTFOLIO,Total Portfolio,1.0,1286.78,1286.78
2025-01-21,CASH,Cash,1.0,23.45,23.45
2025-01-21,VVSM.DE,VANECK SEMICONDUCTOR UCITS ETF,4.0,42.655,170.62
2025-01-21,VUSA.DE,VANGUARD S&P 500 UCITS ETF USD,10.0,109.2266,1092.27
2025-01-21,PORTFOLIO,Total Portfolio,1.0,1286.34,1286.34
2025-01-22,CASH,Cash,1.0,23.45,23.45
2025-01-22,VUSA.DE,VANGUARD S&P 500 UCITS ETF USD,10.0,110.3455,1103.46
2025-01-22,VVSM.DE,VANECK SEMICONDUCTOR UCITS ETF,4.0,43.73,174.92
2025-01-22,PORTFOLIO,Total Portfolio,1.0,1301.83,1301.83
2025-01-23,CASH,Cash,1.0,23.45,23.45
2025-01-23,VUSA.DE,VANGUARD S&P 500 UCITS ETF USD,10.0,110.4102,1104.1
2025-01-23,VVSM.DE,VANECK SEMICONDUCTOR UCITS ETF,4.0,43.0,172.0
2025-01-23,PORTFOLIO,Total Portfolio,1.0,1299.55,1299.55
2025-01-24,CASH,Cash,1.0,23.45,23.45
2025-01-24,VUSA.DE,VANGUARD S&P 500 UCITS ETF USD,10.0,109.7637,1097.64
2025-01-24,VVSM.DE,VANECK SEMICONDUCTOR UCITS ETF,4.0,42.505,170.02
2025-01-24,PORTFOLIO,Total Portfolio,1.0,1291.11,1291.11
2025-01-25,CASH,Cash,1.0,23.45,23.45
2025-01-25,VUSA.DE,VANGUARD S&P 500 UCITS ETF USD,10.0,109.7637,1097.64
2025-01-25,VVSM.DE,VANECK SEMICONDUCTOR UCITS ETF,4.0,42.505,170.02
2025-01-25,PORTFOLIO,Total Portfolio,1.0,1291.11,1291.11
2025-01-26,CASH,Cash,1.0,23.45,23.45
2025-01-26,VUSA.DE,VANGUARD S&P 500 UCITS ETF USD,10.0,109.7637,1097.64
2025-01-26,VVSM.DE,VANECK SEMICONDUCTOR UCITS ETF,4.0,42.505,170.02
2025-01-26,PORTFOLIO,Total Portfolio,1.0,1291.11,1291.11
2025-01-27,CASH,Cash,1.0,23.45,23.45
2025-01-27,VUSA.DE,VANGUARD S&P 500 UCITS ETF USD,10.0,107.5159,1075.16
2025-01-27,VVSM.DE,VANECK SEMICONDUCTOR UCITS ETF,4.0,38.595,154.38
2025-01-27,PORTFOLIO,Total Portfolio,1.0,1252.99,1252.99
2025-01-28,CASH,Cash,1.0,23.45,23.45
2025-01-28,VUSA.DE,VANGUARD S&P 500 UCITS ETF USD,10.0,109.1819,1091.82
2025-01-28,VVSM.DE,VANECK SEMICONDUCTOR UCITS ETF,4.0,38.415,153.66
2025-01-28,PORTFOLIO,Total Portfolio,1.0,1268.93,1268.93
2025-01-29,CASH,Cash,1.0,23.45,23.45
2025-01-29,VUSA.DE,VANGUARD S&P 500 UCITS ETF USD,10.0,109.5001,1095.0
2025-01-29,VVSM.DE,VANECK SEMICONDUCTOR UCITS ETF,4.0,39.15,156.6
2025-01-29,PORTFOLIO,Total Portfolio,1.0,1275.05,1275.05
2025-01-30,CASH,Cash,1.0,23.45,23.45
2025-01-30,VUSA.DE,VANGUARD S&P 500 UCITS ETF USD,10.0,109.4206,1094.21
2025-01-30,VVSM.DE,VANECK SEMICONDUCTOR UCITS ETF,4.0,39.965,159.86
2025-01-30,PORTFOLIO,Total Portfolio,1.0,1277.52,1277.52
2025-01-31,CASH,Cash,1.0,23.45,23.45
2025-01-31,VVSM.DE,VANECK SEMICONDUCTOR UCITS ETF,4.0,41.175,164.7
2025-01-31,VUSA.DE,VANGUARD S&P 500 UCITS ETF USD,10.0,110.8428,1108.43
2025-01-31,PORTFOLIO,Total Portfolio,1.0,1296.58,1296.58
2025-02-01,CASH,Cash,1.0,23.45,23.45
2025-02-01,VUSA.DE,VANGUARD S&P 500 UCITS ETF USD,10.0,110.8428,1108.43
2025-02-01,VVSM.DE,VANECK SEMICONDUCTOR UCITS ETF,4.0,41.175,164.7
2025-02-01,PORTFOLIO,Total Portfolio,1.0,1296.58,1296.58
2025-02-02,CASH,Cash,1.0,23.45,23.45
2025-02-02,VUSA.DE,VANGUARD S&P 500 UCITS ETF USD,10.0,110.8428,1108.43
2025-02-02,VVSM.DE,VANECK SEMICONDUCTOR UCITS ETF,4.0,41.175,164.7
2025-02-02,PORTFOLIO,Total Portfolio,1.0,1296.58,1296.58
2025-02-03,CASH,Cash,1.0,23.45,23.45
2025-02-03,VUSA.DE,VANGUARD S&P 500 UCITS ETF USD,10.0,109.8681,1098.68
2025-02-03,VVSM.DE,VANECK SEMICONDUCTOR UCITS ETF,4.0,40.1,160.4
2025-02-03,PORTFOLIO,Total Portfolio,1.0,1282.53,1282.53
2025-02-04,CASH,Cash,1.0,23.45,23.45
2025-02-04,VUSA.DE,VANGUARD S&P 500 UCITS ETF USD,10.0,109.7388,1097.39
2025-02-04,VVSM.DE,VANECK SEMICONDUCTOR UCITS ETF,4.0,40.075,160.3
2025-02-04,PORTFOLIO,Total Portfolio,1.0,1281.14,1281.14
2025-02-05,CASH,Cash,1.0,23.45,23.45
2025-02-05,VUSA.DE,VANGUARD S&P 500 UCITS ETF USD,10.0,109.2415,1092.42
2025-02-05,VVSM.DE,VANECK SEMICONDUCTOR UCITS ETF,4.0,40.255,161.02
2025-02-05,PORTFOLIO,Total Portfolio,1.0,1276.89,1276.89
2025-02-06,CASH,Cash,1.0,20.95,20.95
2025-02-06,VUSA.DE,VANGUARD S&P 500 UCITS ETF USD,10.0,110.44,1104.4
2025-02-06,VVSM.DE,VANECK SEMICONDUCTOR UCITS ETF,4.0,40.61,162.44
2025-02-06,PORTFOLIO,Total Portfolio,1.0,1287.79,1287.79
2025-02-07,CASH,Cash,1.0,20.95,20.95
2025-02-07,VUSA.DE,VANGUARD S&P 500 UCITS ETF USD,10.0,110.266,1102.66
2025-02-07,VVSM.DE,VANECK SEMICONDUCTOR UCITS ETF,4.0,40.345,161.38
2025-02-07,PORTFOLIO,Total Portfolio,1.0,1284.99,1284.99
2025-02-08,CASH,Cash,1.0,20.95,20.95
2025-02-08,VVSM.DE,VANECK SEMICONDUCTOR UCITS ETF,4.0,40.345,161.38
2025-02-08,VUSA.DE,VANGUARD S&P 500 UCITS ETF USD,10.0,110.266,1102.66
2025-02-08,PORTFOLIO,Total Portfolio,1.0,1284.99,1284.99
2025-02-09,CASH,Cash,1.0,20.95,20.95
2025-02-09,VUSA.DE,VANGUARD S&P 500 UCITS ETF USD,10.0,110.266,1102.66
2025-02-09,VVSM.DE,VANECK SEMICONDUCTOR UCITS ETF,4.0,40.345,161.38
2025-02-09,PORTFOLIO,Total Portfolio,1.0,1284.99,1284.99
2025-02-10,CASH,Cash,1.0,1020.95,1020.95
2025-02-10,VUSA.DE,VANGUARD S&P 500 UCITS ETF USD,10.0,110.8926,1108.93
2025-02-10,VVSM.DE,VANECK SEMICONDUCTOR UCITS ETF,4.0,41.07,164.28
2025-02-10,PORTFOLIO,Total Portfolio,1.0,2294.16,2294.16
2025-02-11,CASH,Cash,1.0,592.57,592.57
2025-02-11,82W.BE,HIMS & HERS HEALTH INC,10.0,42.0,420.0
2025-02-11,VUSA.DE,VANGUARD S&P 500 UCITS ETF USD,10.0,110.5892,1105.89
2025-02-11,VVSM.DE,VANECK SEMICONDUCTOR UCITS ETF,4.0,41.205,164.82
2025-02-11,PORTFOLIO,Total Portfolio,1.0,2283.28,2283.28
2025-02-12,CASH,Cash,1.0,260.2,260.2
2025-02-12,VVSM.DE,VANECK SEMICONDUCTOR UCITS ETF,4.0,40.52,162.08
2025-02-12,SRTA,STRATA CRITICAL MEDICAL INC,100.0,3.4539,345.39
2025-02-12,VUSA.DE,VANGUARD S&P 500 UCITS ETF USD,10.0,109.709,1097.09
2025-02-12,82W.BE,HIMS & HERS HEALTH INC,10.0,44.63,446.3
2025-02-12,PORTFOLIO,Total Portfolio,1.0,2311.06,2311.06
2025-02-13,CASH,Cash,1.0,260.2,260.2
2025-02-13,82W.BE,HIMS & HERS HEALTH INC,10.0,56.02,560.2
2025-02-13,VUSA.DE,VANGUARD S&P 500 UCITS ETF USD,10.0,110.0919,1100.92
2025-02-13,SRTA,STRATA CRITICAL MEDICAL INC,100.0,3.445,344.5
2025-02-13,VVSM.DE,VANECK SEMICONDUCTOR UCITS ETF,4.0,41.005,164.02
2025-02-13,PORTFOLIO,Total Portfolio,1.0,2429.84,2429.84
2025-02-14,CASH,Cash,1.0,260.2,260.2
2025-02-14,SRTA,STRATA CRITICAL MEDICAL INC,100.0,3.5845,358.45
2025-02-14,VVSM.DE,VANECK SEMICONDUCTOR UCITS ETF,4.0,40.75,163.0
2025-02-14,82W.BE,HIMS & HERS HEALTH INC,10.0,57.76,577.6
2025-02-14,VUSA.DE,VANGUARD S&P 500 UCITS ETF USD,10.0,109.8582,1098.58
2025-02-14,PORTFOLIO,Total Portfolio,1.0,2457.83,2457.83
2025-02-15,CASH,Cash,1.0,1260.2,1260.2
2025-02-15,82W.BE,HIMS & HERS HEALTH INC,10.0,57.76,577.6
2025-02-15,VUSA.DE,VANGUARD S&P 500 UCITS ETF USD,10.0,109.8582,1098.58
2025-02-15,SRTA,STRATA CRITICAL MEDICAL INC,100.0,3.5845,358.45
2025-02-15,VVSM.DE,VANECK SEMICONDUCTOR UCITS ETF,4.0,40.75,163.0
2025-02-15,PORTFOLIO,Total Portfolio,1.0,3457.83,3457.83
2025-02-16,CASH,Cash,1.0,1260.2,1260.2
2025-02-16,VVSM.DE,VANECK SEMICONDUCTOR UCITS ETF,4.0,40.75,163.0
2025-02-16,VUSA.DE,VANGUARD S&P 500 UCITS ETF USD,10.0,109.8582,1098.58
2025-02-16,82W.BE,HIMS & HERS HEALTH INC,10.0,57.76,577.6
2025-02-16,SRTA,STRATA CRITICAL MEDICAL INC,100.0,3.5845,358.45
2025-02-16,PORTFOLIO,Total Portfolio,1.0,3457.83,3457.83
2025-02-17,CASH,Cash,1.0,1260.2,1260.2
2025-02-17,82W.BE,HIMS & HERS HEALTH INC,10.0,61.02,610.2
2025-02-17,VUSA.DE,VANGUARD S&P 500 UCITS ETF USD,10.0,110.3157,1103.16
2025-02-17,SRTA,STRATA CRITICAL MEDICAL INC,100.0,3.5751,357.51
2025-02-17,VVSM.DE,VANECK SEMICONDUCTOR UCITS ETF,4.0,40.965,163.86
2025-02-17,PORTFOLIO,Total Portfolio,1.0,3494.93,3494.93
2025-02-18,CASH,Cash,1.0,1027.1,1027.1
2025-02-18,VUSA.DE,VANGUARD S&P 500 UCITS ETF USD,10.0,110.3853,1103.85
2025-02-18,SRTA,STRATA CRITICAL MEDICAL INC,100.0,3.6622,366.22
2025-02-18,82W.BE,HIMS & HERS HEALTH INC,14.0,55.94,783.16
2025-02-18,VVSM.DE,VANECK SEMICONDUCTOR UCITS ETF,4.0,41.3,165.2
2025-02-18,PORTFOLIO,Total Portfolio,1.0,3445.54,3445.54
2025-02-19,CASH,Cash,1.0,359.64,359.64
2025-02-19,AMD,ADVANCED MICRO DEVICES INC,6.0,109.7687,658.61
2025-02-19,82W.BE,HIMS & HERS HEALTH INC,14.0,65.96,923.44
2025-02-19,VUSA.DE,VANGUARD S&P 500 UCITS ETF USD,10.0,111.0467,1110.47
2025-02-19,SRTA,STRATA CRITICAL MEDICAL INC,100.0,3.5795,357.95
2025-02-19,VVSM.DE,VANECK SEMICONDUCTOR UCITS ETF,4.0,41.805,167.22
2025-02-19,PORTFOLIO,Total Portfolio,1.0,3577.33,3577.33
2025-02-20,CASH,Cash,1.0,359.64,359.64
2025-02-20,SRTA,STRATA CRITICAL MEDICAL INC,100.0,3.6657,366.57
2025-02-20,VVSM.DE,VANECK SEMICONDUCTOR UCITS ETF,4.0,41.52,166.08
2025-02-20,82W.BE,HIMS & HERS HEALTH INC,14.0,62.72,878.08
2025-02-20,AMD,ADVANCED MICRO DEVICES INC,6.0,109.5575,657.35
2025-02-20,VUSA.DE,VANGUARD S&P 500 UCITS ETF USD,10.0,109.8383,1098.38
2025-02-20,PORTFOLIO,Total Portfolio,1.0,3526.1,3526.1
2025-02-21,CASH,Cash,1.0,38.43,38.43
2025-02-21,AMD,ADVANCED MICRO DEVICES INC,6.0,105.5562,633.34
2025-02-21,82W.BE,HIMS & HERS HEALTH INC,20.0,47.73,954.6
2025-02-21,VUSA.DE,VANGUARD S&P 500 UCITS ETF USD,10.0,109.8532,1098.53
2025-02-21,SRTA,STRATA CRITICAL MEDICAL INC,100.0,3.3903,339.03
2025-02-21,VVSM.DE,VANECK SEMICONDUCTOR UCITS ETF,4.0,41.285,165.14
2025-02-21,PORTFOLIO,Total Portfolio,1.0,3229.07,3229.07
2025-02-22,CASH,Cash,1.0,38.43,38.43
2025-02-22,SRTA,STRATA CRITICAL MEDICAL INC,100.0,3.3903,339.03
2025-02-22,VVSM.DE,VANECK SEMICONDUCTOR UCITS ETF,4.0,41.285,165.14
2025-02-22,82W.BE,HIMS & HERS HEALTH INC,20.0,47.73,954.6
2025-02-22,AMD,ADVANCED MICRO DEVICES INC,6.0,105.5562,633.34
2025-02-22,VUSA.DE,VANGUARD S&P 500 UCITS ETF USD,10.0,109.8532,1098.53
2025-02-22,PORTFOLIO,Total Portfolio,1.0,3229.07,3229.07
2025-02-23,CASH,Cash,1.0,38.43,38.43
2025-02-23,AMD,ADVANCED MICRO DEVICES INC,6.0,105.5562,633.34
2025-02-23,82W.BE,HIMS & HERS HEALTH INC,20.0,47.73,954.6
2025-02-23,VUSA.DE,VANGUARD S&P 500 UCITS ETF USD,10.0,109.8532,1098.53
2025-02-23,SRTA,STRATA CRITICAL MEDICAL INC,100.0,3.3903,339.03
2025-02-23,VVSM.DE,VANECK SEMICONDUCTOR UCITS ETF,4.0,41.285,165.14
2025-02-23,PORTFOLIO,Total Portfolio,1.0,3229.07,3229.07
2025-02-24,CASH,Cash,1.0,14.22,14.22
2025-02-24,VUSA.DE,VANGUARD S&P 500 UCITS ETF USD,6.0,108.4558,650.73
2025-02-24,AMD,ADVANCED MICRO DEVICES INC,6.0,103.2094,619.26
2025-02-24,82W.BE,HIMS & HERS HEALTH INC,40.0,49.12,1964.8
2025-02-24,PORTFOLIO,Total Portfolio,1.0,3249.01,3249.01
2025-02-25,CASH,Cash,1.0,125.1,125.1
2025-02-25,82W.BE,HIMS & HERS HEALTH INC,70.0,38.33,2683.1
2025-02-25,PORTFOLIO,Total Portfolio,1.0,2808.2,2808.2
2025-02-26,CASH,Cash,1.0,125.1,125.1
2025-02-26,82W.BE,HIMS & HERS HEALTH INC,70.0,39.34,2753.8
2025-02-26,PORTFOLIO,Total Portfolio,1.0,2878.9,2878.9
2025-02-27,CASH,Cash,1.0,125.1,125.1
2025-02-27,82W.BE,HIMS & HERS HEALTH INC,70.0,40.24,2816.8
2025-02-27,PORTFOLIO,Total Portfolio,1.0,2941.9,2941.9
2025-02-28,CASH,Cash,1.0,125.1,125.1
2025-02-28,82W.BE,HIMS & HERS HEALTH INC,70.0,42.64,2984.8
2025-02-28,PORTFOLIO,Total Portfolio,1.0,3109.9,3109.9
2025-03-01,CASH,Cash,1.0,125.1,125.1
2025-03-01,82W.BE,HIMS & HERS HEALTH INC,70.0,42.64,2984.8
2025-03-01,PORTFOLIO,Total Portfolio,1.0,3109.9,3109.9
2025-03-02,CASH,Cash,1.0,125.1,125.1
2025-03-02,82W.BE,HIMS & HERS HEALTH INC,70.0,42.64,2984.8
2025-03-02,PORTFOLIO,Total Portfolio,1.0,3109.9,3109.9
2025-03-03,CASH,Cash,1.0,120.1,120.1
2025-03-03,82W.BE,HIMS & HERS HEALTH INC,70.0,38.41,2688.7
2025-03-03,PORTFOLIO,Total Portfolio,1.0,2808.8,2808.8
2025-03-04,CASH,Cash,1.0,1006.62,1006.62
2025-03-04,82W.BE,HIMS & HERS HEALTH INC,73.0,38.13,2783.49
2025-03-04,PORTFOLIO,Total Portfolio,1.0,3790.11,3790.11
2025-03-05,CASH,Cash,1.0,13.77,13.77
2025-03-05,82W.BE,HIMS & HERS HEALTH INC,100.0,37.65,3765.0
2025-03-05,PORTFOLIO,Total Portfolio,1.0,3778.77,3778.77
2025-03-06,CASH,Cash,1.0,13.77,13.77
2025-03-06,82W.BE,HIMS & HERS HEALTH INC,100.0,31.93,3193.0
2025-03-06,PORTFOLIO,Total Portfolio,1.0,3206.77,3206.77
2025-03-07,CASH,Cash,1.0,13.77,13.77
2025-03-07,82W.BE,HIMS & HERS HEALTH INC,100.0,33.14,3314.0
2025-03-07,PORTFOLIO,Total Portfolio,1.0,3327.77,3327.77
2025-03-08,CASH,Cash,1.0,13.77,13.77
2025-03-08,82W.BE,HIMS & HERS HEALTH INC,100.0,33.14,3314.0
2025-03-08,PORTFOLIO,Total Portfolio,1.0,3327.77,3327.77
2025-03-09,CASH,Cash,1.0,13.77,13.77
2025-03-09,82W.BE,HIMS & HERS HEALTH INC,100.0,33.14,3314.0
2025-03-09,PORTFOLIO,Total Portfolio,1.0,3327.77,3327.77
2025-03-10,CASH,Cash,1.0,13.77,13.77
2025-03-10,82W.BE,HIMS & HERS HEALTH INC,100.0,31.39,3139.0
2025-03-10,PORTFOLIO,Total Portfolio,1.0,3152.77,3152.77
2025-03-11,CASH,Cash,1.0,13.77,13.77
2025-03-11,82W.BE,HIMS & HERS HEALTH INC,100.0,31.94,3194.0
2025-03-11,PORTFOLIO,Total Portfolio,1.0,3207.77,3207.77
2025-03-12,CASH,Cash,1.0,13.77,13.77
2025-03-12,82W.BE,HIMS & HERS HEALTH INC,100.0,31.41,3141.0
2025-03-12,PORTFOLIO,Total Portfolio,1.0,3154.77,3154.77
2025-03-13,CASH,Cash,1.0,13.77,13.77
2025-03-13,82W.BE,HIMS & HERS HEALTH INC,100.0,28.99,2899.0
2025-03-13,PORTFOLIO,Total Portfolio,1.0,2912.77,2912.77
2025-03-14,CASH,Cash,1.0,13.77,13.77
2025-03-14,82W.BE,HIMS & HERS HEALTH INC,100.0,30.45,3045.0
2025-03-14,PORTFOLIO,Total Portfolio,1.0,3058.77,3058.77
2025-03-15,CASH,Cash,1.0,13.77,13.77
2025-03-15,82W.BE,HIMS & HERS HEALTH INC,100.0,30.45,3045.0
2025-03-15,PORTFOLIO,Total Portfolio,1.0,3058.77,3058.77
2025-03-16,CASH,Cash,1.0,13.77,13.77
2025-03-16,82W.BE,HIMS & HERS HEALTH INC,100.0,30.45,3045.0
2025-03-16,PORTFOLIO,Total Portfolio,1.0,3058.77,3058.77
2025-03-17,CASH,Cash,1.0,13.77,13.77
2025-03-17,82W.BE,HIMS & HERS HEALTH INC,100.0,31.88,3188.0
2025-03-17,PORTFOLIO,Total Portfolio,1.0,3201.77,3201.77
2025-03-18,CASH,Cash,1.0,13.77,13.77
2025-03-18,82W.BE,HIMS & HERS HEALTH INC,100.0,28.88,2888.0
2025-03-18,PORTFOLIO,Total Portfolio,1.0,2901.77,2901.77
2025-03-19,CASH,Cash,1.0,13.77,13.77
2025-03-19,82W.BE,HIMS & HERS HEALTH INC,100.0,31.04,3104.0
2025-03-19,PORTFOLIO,Total Portfolio,1.0,3117.77,3117.77
2025-03-20,CASH,Cash,1.0,13.77,13.77
2025-03-20,82W.BE,HIMS & HERS HEALTH INC,100.0,30.44,3044.0
2025-03-20,PORTFOLIO,Total Portfolio,1.0,3057.77,3057.77
2025-03-21,CASH,Cash,1.0,13.77,13.77
2025-03-21,82W.BE,HIMS & HERS HEALTH INC,100.0,32.1,3210.0
2025-03-21,PORTFOLIO,Total Portfolio,1.0,3223.77,3223.77
2025-03-22,CASH,Cash,1.0,13.77,13.77
2025-03-22,82W.BE,HIMS & HERS HEALTH INC,100.0,32.1,3210.0
2025-03-22,PORTFOLIO,Total Portfolio,1.0,3223.77,3223.77
2025-03-23,CASH,Cash,1.0,13.77,13.77
2025-03-23,82W.BE,HIMS & HERS HEALTH INC,100.0,32.1,3210.0
2025-03-23,PORTFOLIO,Total Portfolio,1.0,3223.77,3223.77
2025-03-24,CASH,Cash,1.0,13.77,13.77
2025-03-24,82W.BE,HIMS & HERS HEALTH INC,100.0,34.77,3477.0
2025-03-24,PORTFOLIO,Total Portfolio,1.0,3490.77,3490.77
2025-03-25,CASH,Cash,1.0,13.77,13.77
2025-03-25,82W.BE,HIMS & HERS HEALTH INC,100.0,34.32,3432.0
2025-03-25,PORTFOLIO,Total Portfolio,1.0,3445.77,3445.77
2025-03-26,CASH,Cash,1.0,13.77,13.77
2025-03-26,82W.BE,HIMS & HERS HEALTH INC,100.0,31.08,3108.0
2025-03-26,PORTFOLIO,Total Portfolio,1.0,3121.77,3121.77
2025-03-27,CASH,Cash,1.0,13.77,13.77
2025-03-27,82W.BE,HIMS & HERS HEALTH INC,100.0,29.62,2962.0
2025-03-27,PORTFOLIO,Total Portfolio,1.0,2975.77,2975.77
2025-03-28,CASH,Cash,1.0,13.77,13.77
2025-03-28,82W.BE,HIMS & HERS HEALTH INC,100.0,26.83,2683.0
2025-03-28,PORTFOLIO,Total Portfolio,1.0,2696.77,2696.77
2025-03-29,CASH,Cash,1.0,13.77,13.77
2025-03-29,82W.BE,HIMS & HERS HEALTH INC,100.0,26.83,2683.0
2025-03-29,PORTFOLIO,Total Portfolio,1.0,2696.77,2696.77
2025-03-30,CASH,Cash,1.0,13.77,13.77
2025-03-30,82W.BE,HIMS & HERS HEALTH INC,100.0,26.83,2683.0
2025-03-30,PORTFOLIO,Total Portfolio,1.0,2696.77,2696.77
2025-03-31,CASH,Cash,1.0,13.77,13.77
2025-03-31,82W.BE,HIMS & HERS HEALTH INC,100.0,27.31,2731.0
2025-03-31,PORTFOLIO,Total Portfolio,1.0,2744.77,2744.77
2025-04-01,CASH,Cash,1.0,13.77,13.77
2025-04-01,82W.BE,HIMS & HERS HEALTH INC,100.0,28.89,2889.0
2025-04-01,PORTFOLIO,Total Portfolio,1.0,2902.77,2902.77
2025-04-02,CASH,Cash,1.0,13.77,13.77
2025-04-02,82W.BE,HIMS & HERS HEALTH INC,100.0,28.43,2843.0
2025-04-02,PORTFOLIO,Total Portfolio,1.0,2856.77,2856.77
2025-04-03,CASH,Cash,1.0,13.77,13.77
2025-04-03,82W.BE,HIMS & HERS HEALTH INC,100.0,25.45,2545.0
2025-04-03,PORTFOLIO,Total Portfolio,1.0,2558.77,2558.77
2025-04-04,CASH,Cash,1.0,13.77,13.77
2025-04-04,82W.BE,HIMS & HERS HEALTH INC,100.0,23.56,2356.0
2025-04-04,PORTFOLIO,Total Portfolio,1.0,2369.77,2369.77
2025-04-05,CASH,Cash,1.0,13.77,13.77
2025-04-05,82W.BE,HIMS & HERS HEALTH INC,100.0,23.56,2356.0
2025-04-05,PORTFOLIO,Total Portfolio,1.0,2369.77,2369.77
2025-04-06,CASH,Cash,1.0,13.77,13.77
2025-04-06,82W.BE,HIMS & HERS HEALTH INC,100.0,23.56,2356.0
2025-04-06,PORTFOLIO,Total Portfolio,1.0,2369.77,2369.77
2025-04-07,CASH,Cash,1.0,13.77,13.77
2025-04-07,82W.BE,HIMS & HERS HEALTH INC,100.0,25.19,2519.0
2025-04-07,PORTFOLIO,Total Portfolio,1.0,2532.77,2532.77
2025-04-08,CASH,Cash,1.0,13.77,13.77
2025-04-08,82W.BE,HIMS & HERS HEALTH INC,100.0,23.59,2359.0
2025-04-08,PORTFOLIO,Total Portfolio,1.0,2372.77,2372.77
2025-04-09,CASH,Cash,1.0,13.77,13.77
2025-04-09,82W.BE,HIMS & HERS HEALTH INC,100.0,26.8,2680.0
2025-04-09,PORTFOLIO,Total Portfolio,1.0,2693.77,2693.77
2025-04-10,CASH,Cash,1.0,13.77,13.77
2025-04-10,82W.BE,HIMS & HERS HEALTH INC,100.0,23.83,2383.0
2025-04-10,PORTFOLIO,Total Portfolio,1.0,2396.77,2396.77
2025-04-11,CASH,Cash,1.0,13.77,13.77
2025-04-11,82W.BE,HIMS & HERS HEALTH INC,100.0,23.78,2378.0
2025-04-11,PORTFOLIO,Total Portfolio,1.0,2391.77,2391.77
2025-04-12,CASH,Cash,1.0,13.77,13.77
2025-04-12,82W.BE,HIMS & HERS HEALTH INC,100.0,23.78,2378.0
2025-04-12,PORTFOLIO,Total Portfolio,1.0,2391.77,2391.77
2025-04-13,CASH,Cash,1.0,13.77,13.77
2025-04-13,82W.BE,HIMS & HERS HEALTH INC,100.0,23.78,2378.0
2025-04-13,PORTFOLIO,Total Portfolio,1.0,2391.77,2391.77
2025-04-14,CASH,Cash,1.0,13.77,13.77
2025-04-14,82W.BE,HIMS & HERS HEALTH INC,100.0,24.95,2495.0
2025-04-14,PORTFOLIO,Total Portfolio,1.0,2508.77,2508.77
2025-04-15,CASH,Cash,1.0,51.38,51.38
2025-04-15,AMD,ADVANCED MICRO DEVICES INC,10.0,84.0324,840.32
2025-04-15,82W.BE,HIMS & HERS HEALTH INC,100.0,26.21,2621.0
2025-04-15,PORTFOLIO,Total Portfolio,1.0,3512.7,3512.7
2025-04-16,CASH,Cash,1.0,51.38,51.38
2025-04-16,AMD,ADVANCED MICRO DEVICES INC,10.0,78.1834,781.83
2025-04-16,82W.BE,HIMS & HERS HEALTH INC,100.0,23.3,2330.0
2025-04-16,PORTFOLIO,Total Portfolio,1.0,3163.21,3163.21
2025-04-17,CASH,Cash,1.0,51.38,51.38
2025-04-17,AMD,ADVANCED MICRO DEVICES INC,10.0,76.776,767.76
2025-04-17,82W.BE,HIMS & HERS HEALTH INC,100.0,23.84,2384.0
2025-04-17,PORTFOLIO,Total Portfolio,1.0,3203.14,3203.14
2025-04-18,CASH,Cash,1.0,51.38,51.38
2025-04-18,AMD,ADVANCED MICRO DEVICES INC,10.0,76.7813,767.81
2025-04-18,82W.BE,HIMS & HERS HEALTH INC,100.0,23.84,2384.0
2025-04-18,PORTFOLIO,Total Portfolio,1.0,3203.19,3203.19
2025-04-19,CASH,Cash,1.0,51.38,51.38
2025-04-19,82W.BE,HIMS & HERS HEALTH INC,100.0,23.84,2384.0
2025-04-19,AMD,ADVANCED MICRO DEVICES INC,10.0,76.7813,767.81
2025-04-19,PORTFOLIO,Total Portfolio,1.0,3203.19,3203.19
2025-04-20,CASH,Cash,1.0,51.38,51.38
2025-04-20,AMD,ADVANCED MICRO DEVICES INC,10.0,76.7813,767.81
2025-04-20,82W.BE,HIMS & HERS HEALTH INC,100.0,23.84,2384.0
2025-04-20,PORTFOLIO,Total Portfolio,1.0,3203.19,3203.19
2025-04-21,CASH,Cash,1.0,51.38,51.38
2025-04-21,AMD,ADVANCED MICRO DEVICES INC,10.0,74.2319,742.32
2025-04-21,82W.BE,HIMS & HERS HEALTH INC,100.0,23.84,2384.0
2025-04-21,PORTFOLIO,Total Portfolio,1.0,3177.7,3177.7
2025-04-22,CASH,Cash,1.0,51.38,51.38
2025-04-22,82W.BE,HIMS & HERS HEALTH INC,100.0,22.19,2219.0
2025-04-22,AMD,ADVANCED MICRO DEVICES INC,10.0,74.9254,749.25
2025-04-22,PORTFOLIO,Total Portfolio,1.0,3019.63,3019.63
2025-04-23,CASH,Cash,1.0,51.38,51.38
2025-04-23,AMD,ADVANCED MICRO DEVICES INC,10.0,79.63,796.3
2025-04-23,82W.BE,HIMS & HERS HEALTH INC,100.0,23.56,2356.0
2025-04-23,PORTFOLIO,Total Portfolio,1.0,3203.68,3203.68
2025-04-24,CASH,Cash,1.0,51.38,51.38
2025-04-24,AMD,ADVANCED MICRO DEVICES INC,10.0,83.4,834.0
2025-04-24,82W.BE,HIMS & HERS HEALTH INC,100.0,24.72,2472.0
2025-04-24,PORTFOLIO,Total Portfolio,1.0,3357.38,3357.38
2025-04-25,CASH,Cash,1.0,51.38,51.38
2025-04-25,82W.BE,HIMS & HERS HEALTH INC,100.0,24.64,2464.0
2025-04-25,AMD,ADVANCED MICRO DEVICES INC,10.0,84.9901,849.9
2025-04-25,PORTFOLIO,Total Portfolio,1.0,3365.28,3365.28
2025-04-26,CASH,Cash,1.0,51.38,51.38
2025-04-26,AMD,ADVANCED MICRO DEVICES INC,10.0,84.9901,849.9
2025-04-26,82W.BE,HIMS & HERS HEALTH INC,100.0,24.64,2464.0
2025-04-26,PORTFOLIO,Total Portfolio,1.0,3365.28,3365.28
2025-04-27,CASH,Cash,1.0,51.38,51.38
2025-04-27,AMD,ADVANCED MICRO DEVICES INC,10.0,84.9901,849.9
2025-04-27,82W.BE,HIMS & HERS HEALTH INC,100.0,24.64,2464.0
2025-04-27,PORTFOLIO,Total Portfolio,1.0,3365.28,3365.28
2025-04-28,CASH,Cash,1.0,51.38,51.38
2025-04-28,AMD,ADVANCED MICRO DEVICES INC,10.0,84.9765,849.76
2025-04-28,82W.BE,HIMS & HERS HEALTH INC,100.0,25.01,2501.0
2025-04-28,PORTFOLIO,Total Portfolio,1.0,3402.14,3402.14
2025-04-29,CASH,Cash,1.0,51.38,51.38
2025-04-29,AMD,ADVANCED MICRO DEVICES INC,10.0,84.1956,841.96
2025-04-29,82W.BE,HIMS & HERS HEALTH INC,100.0,30.67,3067.0
2025-04-29,PORTFOLIO,Total Portfolio,1.0,3960.34,3960.34
2025-04-30,CASH,Cash,1.0,51.38,51.38
2025-04-30,AMD,ADVANCED MICRO DEVICES INC,10.0,85.4752,854.75
2025-04-30,82W.BE,HIMS & HERS HEALTH INC,100.0,29.08,2908.0
2025-04-30,PORTFOLIO,Total Portfolio,1.0,3814.13,3814.13
2025-05-01,CASH,Cash,1.0,51.38,51.38
2025-05-01,AMD,ADVANCED MICRO DEVICES INC,10.0,85.3429,853.43
2025-05-01,82W.BE,HIMS & HERS HEALTH INC,100.0,29.08,2908.0
2025-05-01,PORTFOLIO,Total Portfolio,1.0,3812.81,3812.81
2025-05-02,CASH,Cash,1.0,51.38,51.38
2025-05-02,82W.BE,HIMS & HERS HEALTH INC,100.0,35.78,3578.0
2025-05-02,AMD,ADVANCED MICRO DEVICES INC,10.0,87.4607,874.61
2025-05-02,PORTFOLIO,Total Portfolio,1.0,4503.99,4503.99
2025-05-03,CASH,Cash,1.0,51.38,51.38
2025-05-03,AMD,ADVANCED MICRO DEVICES INC,10.0,87.4607,874.61
2025-05-03,82W.BE,HIMS & HERS HEALTH INC,100.0,35.78,3578.0
2025-05-03,PORTFOLIO,Total Portfolio,1.0,4503.99,4503.99
2025-05-04,CASH,Cash,1.0,51.38,51.38
2025-05-04,AMD,ADVANCED MICRO DEVICES INC,10.0,87.4607,874.61
2025-05-04,82W.BE,HIMS & HERS HEALTH INC,100.0,35.78,3578.0
2025-05-04,PORTFOLIO,Total Portfolio,1.0,4503.99,4503.99
2025-05-05,CASH,Cash,1.0,51.38,51.38
2025-05-05,82W.BE,HIMS & HERS HEALTH INC,100.0,36.99,3699.0
2025-05-05,AMD,ADVANCED MICRO DEVICES INC,10.0,88.8351,888.35
2025-05-05,PORTFOLIO,Total Portfolio,1.0,4638.73,4638.73
2025-05-06,CASH,Cash,1.0,51.38,51.38
2025-05-06,AMD,ADVANCED MICRO DEVICES INC,10.0,87.1712,871.71
2025-05-06,82W.BE,HIMS & HERS HEALTH INC,100.0,43.85,4385.0
2025-05-06,PORTFOLIO,Total Portfolio,1.0,5308.09,5308.09
2025-05-07,CASH,Cash,1.0,1051.38,1051.38
2025-05-07,AMD,ADVANCED MICRO DEVICES INC,10.0,88.4794,884.79
2025-05-07,82W.BE,HIMS & HERS HEALTH INC,100.0,45.72,4572.0
2025-05-07,PORTFOLIO,Total Portfolio,1.0,6508.17,6508.17
2025-05-08,CASH,Cash,1.0,1051.38,1051.38
2025-05-08,AMD,ADVANCED MICRO DEVICES INC,10.0,89.9506,899.51
2025-05-08,82W.BE,HIMS & HERS HEALTH INC,100.0,45.77,4577.0
2025-05-08,PORTFOLIO,Total Portfolio,1.0,6527.89,6527.89
2025-05-09,CASH,Cash,1.0,592.89,592.89
2025-05-09,AMD,ADVANCED MICRO DEVICES INC,10.0,91.6232,916.23
2025-05-09,82W.BE,HIMS & HERS HEALTH INC,110.0,46.22,5084.2
2025-05-09,PORTFOLIO,Total Portfolio,1.0,6593.32,6593.32
2025-05-10,CASH,Cash,1.0,592.89,592.89
2025-05-10,AMD,ADVANCED MICRO DEVICES INC,10.0,91.6232,916.23
2025-05-10,82W.BE,HIMS & HERS HEALTH INC,110.0,46.22,5084.2
2025-05-10,PORTFOLIO,Total Portfolio,1.0,6593.32,6593.32
2025-05-11,CASH,Cash,1.0,592.89,592.89
2025-05-11,AMD,ADVANCED MICRO DEVICES INC,10.0,91.6232,916.23
2025-05-11,82W.BE,HIMS & HERS HEALTH INC,110.0,46.22,5084.2
2025-05-11,PORTFOLIO,Total Portfolio,1.0,6593.32,6593.32
2025-05-12,CASH,Cash,1.0,592.89,592.89
2025-05-12,AMD,ADVANCED MICRO DEVICES INC,10.0,96.2809,962.81
2025-05-12,82W.BE,HIMS & HERS HEALTH INC,110.0,49.82,5480.2
2025-05-12,PORTFOLIO,Total Portfolio,1.0,7035.9,7035.9
2025-05-13,CASH,Cash,1.0,1125.7,1125.7
2025-05-13,82W.BE,HIMS & HERS HEALTH INC,90.0,57.0,5130.0
2025-05-13,AMD,ADVANCED MICRO DEVICES INC,15.0,101.3557,1520.34
2025-05-13,PORTFOLIO,Total Portfolio,1.0,7776.04,7776.04
2025-05-14,CASH,Cash,1.0,2293.68,2293.68
2025-05-14,82W.BE,HIMS & HERS HEALTH INC,70.0,55.28,3869.6
2025-05-14,AMD,ADVANCED MICRO DEVICES INC,15.0,105.2429,1578.64
2025-05-14,PORTFOLIO,Total Portfolio,1.0,7741.92,7741.92
2025-05-15,CASH,Cash,1.0,639.48,639.48
2025-05-15,AMD,ADVANCED MICRO DEVICES INC,15.0,102.8356,1542.53
2025-05-15,82W.BE,HIMS & HERS HEALTH INC,90.0,52.06,4685.4
2025-05-15,UNH,UNITEDHEALTH GROUP,2.0,242.0944,484.19
2025-05-15,PORTFOLIO,Total Portfolio,1.0,7351.6,7351.6
2025-05-16,CASH,Cash,1.0,639.48,639.48
2025-05-16,82W.BE,HIMS & HERS HEALTH INC,90.0,57.42,5167.8
2025-05-16,UNH,UNITEDHEALTH GROUP,2.0,257.3422,514.68
2025-05-16,AMD,ADVANCED MICRO DEVICES INC,15.0,104.6844,1570.27
2025-05-16,PORTFOLIO,Total Portfolio,1.0,7892.23,7892.23
2025-05-17,CASH,Cash,1.0,639.48,639.48
2025-05-17,AMD,ADVANCED MICRO DEVICES INC,15.0,104.6844,1570.27
2025-05-17,82W.BE,HIMS & HERS HEALTH INC,90.0,57.42,5167.8
2025-05-17,UNH,UNITEDHEALTH GROUP,2.0,257.3422,514.68
2025-05-17,PORTFOLIO,Total Portfolio,1.0,7892.23,7892.23
2025-05-18,CASH,Cash,1.0,639.48,639.48
2025-05-18,AMD,ADVANCED MICRO DEVICES INC,15.0,104.6844,1570.27
2025-05-18,82W.BE,HIMS & HERS HEALTH INC,90.0,57.42,5167.8
2025-05-18,UNH,UNITEDHEALTH GROUP,2.0,257.3422,514.68
2025-05-18,PORTFOLIO,Total Portfolio,1.0,7892.23,7892.23
2025-05-19,CASH,Cash,1.0,1193.04,1193.04
2025-05-19,82W.BE,HIMS & HERS HEALTH INC,90.0,55.42,4987.8
2025-05-19,AMD,ADVANCED MICRO DEVICES INC,15.0,102.5603,1538.41
2025-05-19,PORTFOLIO,Total Portfolio,1.0,7719.25,7719.25
2025-05-20,CASH,Cash,1.0,1193.04,1193.04
2025-05-20,AMD,ADVANCED MICRO DEVICES INC,15.0,101.0466,1515.7
2025-05-20,82W.BE,HIMS & HERS HEALTH INC,90.0,54.26,4883.4
2025-05-20,PORTFOLIO,Total Portfolio,1.0,7592.14,7592.14
2025-05-21,CASH,Cash,1.0,1193.04,1193.04
2025-05-21,AMD,ADVANCED MICRO DEVICES INC,15.0,99.274,1489.11
2025-05-21,82W.BE,HIMS & HERS HEALTH INC,90.0,51.52,4636.8
2025-05-21,PORTFOLIO,Total Portfolio,1.0,7318.95,7318.95
2025-05-22,CASH,Cash,1.0,1193.04,1193.04
2025-05-22,82W.BE,HIMS & HERS HEALTH INC,90.0,47.07,4236.3
2025-05-22,AMD,ADVANCED MICRO DEVICES INC,15.0,97.7038,1465.56
2025-05-22,PORTFOLIO,Total Portfolio,1.0,6894.9,6894.9
2025-05-23,CASH,Cash,1.0,1193.04,1193.04
2025-05-23,AMD,ADVANCED MICRO DEVICES INC,15.0,97.7766,1466.65
2025-05-23,82W.BE,HIMS & HERS HEALTH INC,90.0,48.13,4331.7
2025-05-23,PORTFOLIO,Total Portfolio,1.0,6991.39,6991.39
2025-05-24,CASH,Cash,1.0,1193.04,1193.04
2025-05-24,AMD,ADVANCED MICRO DEVICES INC,15.0,97.7766,1466.65
2025-05-24,82W.BE,HIMS & HERS HEALTH INC,90.0,48.13,4331.7
2025-05-24,PORTFOLIO,Total Portfolio,1.0,6991.39,6991.39
2025-05-25,CASH,Cash,1.0,1193.04,1193.04
2025-05-25,AMD,ADVANCED MICRO DEVICES INC,15.0,97.7766,1466.65
2025-05-25,82W.BE,HIMS & HERS HEALTH INC,90.0,48.13,4331.7
2025-05-25,PORTFOLIO,Total Portfolio,1.0,6991.39,6991.39
2025-05-26,CASH,Cash,1.0,1193.04,1193.04
2025-05-26,82W.BE,HIMS & HERS HEALTH INC,90.0,50.34,4530.6
2025-05-26,AMD,ADVANCED MICRO DEVICES INC,15.0,96.9945,1454.92
2025-05-26,PORTFOLIO,Total Portfolio,1.0,7178.56,7178.56
2025-05-27,CASH,Cash,1.0,1193.04,1193.04
2025-05-27,AMD,ADVANCED MICRO DEVICES INC,15.0,100.5928,1508.89
2025-05-27,82W.BE,HIMS & HERS HEALTH INC,90.0,46.84,4215.6
2025-05-27,PORTFOLIO,Total Portfolio,1.0,6917.53,6917.53
2025-05-28,CASH,Cash,1.0,504.88,504.88
2025-05-28,AMD,ADVANCED MICRO DEVICES INC,15.0,99.5493,1493.24
2025-05-28,82W.BE,HIMS & HERS HEALTH INC,95.0,47.34,4497.3
2025-05-28,ASTS,AST SPACEMOBILE INC,20.0,21.8574,437.15
2025-05-28,PORTFOLIO,Total Portfolio,1.0,6932.57,6932.57
2025-05-29,CASH,Cash,1.0,504.88,504.88
2025-05-29,AMD,ADVANCED MICRO DEVICES INC,15.0,100.617,1509.26
2025-05-29,82W.BE,HIMS & HERS HEALTH INC,95.0,46.51,4418.45
2025-05-29,ASTS,AST SPACEMOBILE INC,20.0,20.9815,419.63
2025-05-29,PORTFOLIO,Total Portfolio,1.0,6852.22,6852.22
2025-05-30,CASH,Cash,1.0,504.88,504.88
2025-05-30,AMD,ADVANCED MICRO DEVICES INC,15.0,97.3162,1459.74
2025-05-30,82W.BE,HIMS & HERS HEALTH INC,95.0,50.16,4765.2
2025-05-30,ASTS,AST SPACEMOBILE INC,20.0,20.2753,405.51
2025-05-30,PORTFOLIO,Total Portfolio,1.0,7135.33,7135.33
2025-05-31,CASH,Cash,1.0,504.88,504.88
2025-05-31,ASTS,AST SPACEMOBILE INC,20.0,20.2753,405.51
2025-05-31,82W.BE,HIMS & HERS HEALTH INC,95.0,50.16,4765.2
2025-05-31,AMD,ADVANCED MICRO DEVICES INC,15.0,97.3162,1459.74
2025-05-31,PORTFOLIO,Total Portfolio,1.0,7135.33,7135.33
2025-06-01,CASH,Cash,1.0,504.88,504.88
2025-06-01,AMD,ADVANCED MICRO DEVICES INC,15.0,97.3162,1459.74
2025-06-01,82W.BE,HIMS & HERS HEALTH INC,95.0,50.16,4765.2
2025-06-01,ASTS,AST SPACEMOBILE INC,20.0,20.2753,405.51
2025-06-01,PORTFOLIO,Total Portfolio,1.0,7135.33,7135.33
2025-06-02,CASH,Cash,1.0,502.38,502.38
2025-06-02,82W.BE,HIMS & HERS HEALTH INC,95.0,49.2,4674.0
2025-06-02,ASTS,AST SPACEMOBILE INC,20.0,21.2713,425.43
2025-06-02,AMD,ADVANCED MICRO DEVICES INC,15.0,100.9661,1514.49
2025-06-02,PORTFOLIO,Total Portfolio,1.0,7116.3,7116.3
2025-06-03,CASH,Cash,1.0,502.38,502.38
2025-06-03,AMD,ADVANCED MICRO DEVICES INC,15.0,102.4234,1536.35
2025-06-03,82W.BE,HIMS & HERS HEALTH INC,95.0,48.07,4566.65
2025-06-03,ASTS,AST SPACEMOBILE INC,20.0,21.9847,439.69
2025-06-03,PORTFOLIO,Total Portfolio,1.0,7045.07,7045.07
2025-06-04,CASH,Cash,1.0,502.38,502.38
2025-06-04,AMD,ADVANCED MICRO DEVICES INC,15.0,104.1595,1562.39
2025-06-04,82W.BE,HIMS & HERS HEALTH INC,95.0,47.01,4465.95
2025-06-04,ASTS,AST SPACEMOBILE INC,20.0,25.201,504.02
2025-06-04,PORTFOLIO,Total Portfolio,1.0,7034.74,7034.74
2025-06-05,CASH,Cash,1.0,502.38,502.38
2025-06-05,82W.BE,HIMS & HERS HEALTH INC,95.0,45.98,4368.1
2025-06-05,AMD,ADVANCED MICRO DEVICES INC,15.0,101.2866,1519.3
2025-06-05,ASTS,AST SPACEMOBILE INC,20.0,27.0092,540.18
2025-06-05,PORTFOLIO,Total Portfolio,1.0,6929.96,6929.96
2025-06-06,CASH,Cash,1.0,502.38,502.38
2025-06-06,AMD,ADVANCED MICRO DEVICES INC,15.0,101.442,1521.63
2025-06-06,82W.BE,HIMS & HERS HEALTH INC,95.0,49.2,4674.0
2025-06-06,ASTS,AST SPACEMOBILE INC,20.0,27.2311,544.62
2025-06-06,PORTFOLIO,Total Portfolio,1.0,7242.63,7242.63
2025-06-07,CASH,Cash,1.0,502.38,502.38
2025-06-07,AMD,ADVANCED MICRO DEVICES INC,15.0,101.442,1521.63
2025-06-07,82W.BE,HIMS & HERS HEALTH INC,95.0,49.2,4674.0
2025-06-07,ASTS,AST SPACEMOBILE INC,20.0,27.2311,544.62
2025-06-07,PORTFOLIO,Total Portfolio,1.0,7242.63,7242.63
2025-06-08,CASH,Cash,1.0,502.38,502.38
2025-06-08,AMD,ADVANCED MICRO DEVICES INC,15.0,101.442,1521.63
2025-06-08,82W.BE,HIMS & HERS HEALTH INC,95.0,49.2,4674.0
2025-06-08,ASTS,AST SPACEMOBILE INC,20.0,27.2311,544.62
2025-06-08,PORTFOLIO,Total Portfolio,1.0,7242.63,7242.63
2025-06-09,CASH,Cash,1.0,502.38,502.38
2025-06-09,AMD,ADVANCED MICRO DEVICES INC,15.0,106.7073,1600.61
2025-06-09,82W.BE,HIMS & HERS HEALTH INC,95.0,49.94,4744.3
2025-06-09,ASTS,AST SPACEMOBILE INC,20.0,30.5229,610.46
2025-06-09,PORTFOLIO,Total Portfolio,1.0,7457.75,7457.75
2025-06-10,CASH,Cash,1.0,502.38,502.38
2025-06-10,ASTS,AST SPACEMOBILE INC,20.0,31.2477,624.95
2025-06-10,AMD,ADVANCED MICRO DEVICES INC,15.0,107.8399,1617.6
2025-06-10,82W.BE,HIMS & HERS HEALTH INC,95.0,48.43,4600.85
2025-06-10,PORTFOLIO,Total Portfolio,1.0,7345.78,7345.78
2025-06-11,CASH,Cash,1.0,502.38,502.38
2025-06-11,AMD,ADVANCED MICRO DEVICES INC,15.0,105.9151,1588.73
2025-06-11,82W.BE,HIMS & HERS HEALTH INC,95.0,49.96,4746.2
2025-06-11,ASTS,AST SPACEMOBILE INC,20.0,31.8865,637.73
2025-06-11,PORTFOLIO,Total Portfolio,1.0,7475.04,7475.04
2025-06-12,CASH,Cash,1.0,502.38,502.38
2025-06-12,AMD,ADVANCED MICRO DEVICES INC,15.0,102.9599,1544.4
2025-06-12,82W.BE,HIMS & HERS HEALTH INC,95.0,48.95,4650.25
2025-06-12,ASTS,AST SPACEMOBILE INC,20.0,32.0783,641.57
2025-06-12,PORTFOLIO,Total Portfolio,1.0,7338.59,7338.59
2025-06-13,CASH,Cash,1.0,502.38,502.38
2025-06-13,ASTS,AST SPACEMOBILE INC,20.0,33.0769,661.54
2025-06-13,AMD,ADVANCED MICRO DEVICES INC,15.0,100.1357,1502.04
2025-06-13,82W.BE,HIMS & HERS HEALTH INC,95.0,47.65,4526.75
2025-06-13,PORTFOLIO,Total Portfolio,1.0,7192.7,7192.7
2025-06-14,CASH,Cash,1.0,502.38,502.38
2025-06-14,AMD,ADVANCED MICRO DEVICES INC,15.0,100.1357,1502.04
2025-06-14,82W.BE,HIMS & HERS HEALTH INC,95.0,47.65,4526.75
2025-06-14,ASTS,AST SPACEMOBILE INC,20.0,33.0769,661.54
2025-06-14,PORTFOLIO,Total Portfolio,1.0,7192.7,7192.7
2025-06-15,CASH,Cash,1.0,502.38,502.38
2025-06-15,AMD,ADVANCED MICRO DEVICES INC,15.0,100.1357,1502.04
2025-06-15,82W.BE,HIMS & HERS HEALTH INC,95.0,47.65,4526.75
2025-06-15,ASTS,AST SPACEMOBILE INC,20.0,33.0769,661.54
2025-06-15,PORTFOLIO,Total Portfolio,1.0,7192.7,7192.7
2025-06-16,CASH,Cash,1.0,502.38,502.38
2025-06-16,82W.BE,HIMS & HERS HEALTH INC,95.0,51.8,4921.0
2025-06-16,ASTS,AST SPACEMOBILE INC,20.0,36.2647,725.29
2025-06-16,AMD,ADVANCED MICRO DEVICES INC,15.0,109.3653,1640.48
2025-06-16,PORTFOLIO,Total Portfolio,1.0,7789.15,7789.15
2025-06-17,CASH,Cash,1.0,502.38,502.38
2025-06-17,AMD,ADVANCED MICRO DEVICES INC,15.0,110.0305,1650.46
2025-06-17,82W.BE,HIMS & HERS HEALTH INC,95.0,51.64,4905.8
2025-06-17,ASTS,AST SPACEMOBILE INC,20.0,34.7146,694.29
2025-06-17,PORTFOLIO,Total Portfolio,1.0,7752.93,7752.93
2025-06-18,CASH,Cash,1.0,502.38,502.38
2025-06-18,82W.BE,HIMS & HERS HEALTH INC,95.0,53.38,5071.1
2025-06-18,ASTS,AST SPACEMOBILE INC,20.0,38.6235,772.47
2025-06-18,AMD,ADVANCED MICRO DEVICES INC,15.0,110.4189,1656.28
2025-06-18,PORTFOLIO,Total Portfolio,1.0,8002.23,8002.23
2025-06-19,CASH,Cash,1.0,502.38,502.38
2025-06-19,AMD,ADVANCED MICRO DEVICES INC,15.0,110.4683,1657.02
2025-06-19,82W.BE,HIMS & HERS HEALTH INC,95.0,52.24,4962.8
2025-06-19,ASTS,AST SPACEMOBILE INC,20.0,38.6408,772.82
2025-06-19,PORTFOLIO,Total Portfolio,1.0,7895.02,7895.02
2025-06-20,CASH,Cash,1.0,502.38,502.38
2025-06-20,AMD,ADVANCED MICRO DEVICES INC,15.0,111.3893,1670.84
2025-06-20,82W.BE,HIMS & HERS HEALTH INC,95.0,55.9,5310.5
2025-06-20,ASTS,AST SPACEMOBILE INC,20.0,39.9035,798.07
2025-06-20,PORTFOLIO,Total Portfolio,1.0,8281.79,8281.79
2025-06-21,CASH,Cash,1.0,502.38,502.38
2025-06-21,ASTS,AST SPACEMOBILE INC,20.0,39.9035,798.07
2025-06-21,82W.BE,HIMS & HERS HEALTH INC,95.0,55.9,5310.5
2025-06-21,AMD,ADVANCED MICRO DEVICES INC,15.0,111.3893,1670.84
2025-06-21,PORTFOLIO,Total Portfolio,1.0,8281.79,8281.79
2025-06-22,CASH,Cash,1.0,502.38,502.38
2025-06-22,AMD,ADVANCED MICRO DEVICES INC,15.0,111.3893,1670.84
2025-06-22,82W.BE,HIMS & HERS HEALTH INC,95.0,55.9,5310.5
2025-06-22,ASTS,AST SPACEMOBILE INC,20.0,39.9035,798.07
2025-06-22,PORTFOLIO,Total Portfolio,1.0,8281.79,8281.79
2025-06-23,CASH,Cash,1.0,502.38,502.38
2025-06-23,AMD,ADVANCED MICRO DEVICES INC,15.0,112.6698,1690.05
2025-06-23,82W.BE,HIMS & HERS HEALTH INC,95.0,36.97,3512.15
2025-06-23,ASTS,AST SPACEMOBILE INC,20.0,43.6489,872.98
2025-06-23,PORTFOLIO,Total Portfolio,1.0,6577.56,6577.56
2025-06-24,CASH,Cash,1.0,502.38,502.38
2025-06-24,AMD,ADVANCED MICRO DEVICES INC,15.0,119.346,1790.19
2025-06-24,82W.BE,HIMS & HERS HEALTH INC,95.0,36.92,3507.4
2025-06-24,ASTS,AST SPACEMOBILE INC,20.0,45.8831,917.66
2025-06-24,PORTFOLIO,Total Portfolio,1.0,6717.63,6717.63
2025-06-25,CASH,Cash,1.0,502.38,502.38
2025-06-25,AMD,ADVANCED MICRO DEVICES INC,15.0,123.4903,1852.36
2025-06-25,82W.BE,HIMS & HERS HEALTH INC,95.0,35.56,3378.2
2025-06-25,ASTS,AST SPACEMOBILE INC,20.0,43.0322,860.64
2025-06-25,PORTFOLIO,Total Portfolio,1.0,6593.58,6593.58
2025-06-26,CASH,Cash,1.0,316.39,316.39
2025-06-26,ASTS,AST SPACEMOBILE INC,20.0,43.3252,866.5
2025-06-26,82W.BE,HIMS & HERS HEALTH INC,100.0,39.63,3963.0
2025-06-26,AMD,ADVANCED MICRO DEVICES INC,15.0,122.9743,1844.61
2025-06-26,PORTFOLIO,Total Portfolio,1.0,6990.51,6990.51
2025-06-27,CASH,Cash,1.0,316.39,316.39
2025-06-27,AMD,ADVANCED MICRO DEVICES INC,15.0,122.9964,1844.95
2025-06-27,82W.BE,HIMS & HERS HEALTH INC,100.0,42.44,4244.0
2025-06-27,ASTS,AST SPACEMOBILE INC,20.0,42.2161,844.32
2025-06-27,PORTFOLIO,Total Portfolio,1.0,7249.66,7249.66
2025-06-28,CASH,Cash,1.0,316.39,316.39
2025-06-28,AMD,ADVANCED MICRO DEVICES INC,15.0,122.9964,1844.95
2025-06-28,82W.BE,HIMS & HERS HEALTH INC,100.0,42.44,4244.0
2025-06-28,ASTS,AST SPACEMOBILE INC,20.0,42.2161,844.32
2025-06-28,PORTFOLIO,Total Portfolio,1.0,7249.66,7249.66
2025-06-29,CASH,Cash,1.0,316.39,316.39
2025-06-29,AMD,ADVANCED MICRO DEVICES INC,15.0,122.9964,1844.95
2025-06-29,82W.BE,HIMS & HERS HEALTH INC,100.0,42.44,4244.0
2025-06-29,ASTS,AST SPACEMOBILE INC,20.0,42.2161,844.32
2025-06-29,PORTFOLIO,Total Portfolio,1.0,7249.66,7249.66
2025-06-30,CASH,Cash,1.0,1112.3,1112.3
2025-06-30,AMD,ADVANCED MICRO DEVICES INC,15.0,120.9981,1814.97
2025-06-30,82W.BE,HIMS & HERS HEALTH INC,100.0,42.53,4253.0
2025-06-30,PORTFOLIO,Total Portfolio,1.0,7180.27,7180.27
2025-07-01,CASH,Cash,1.0,1112.3,1112.3
2025-07-01,AMD,ADVANCED MICRO DEVICES INC,15.0,115.473,1732.1
2025-07-01,82W.BE,HIMS & HERS HEALTH INC,100.0,40.7,4070.0
2025-07-01,PORTFOLIO,Total Portfolio,1.0,6914.4,6914.4
2025-07-02,CASH,Cash,1.0,1112.3,1112.3
2025-07-02,AMD,ADVANCED MICRO DEVICES INC,15.0,117.3348,1760.02
2025-07-02,82W.BE,HIMS & HERS HEALTH INC,100.0,40.27,4027.0
2025-07-02,PORTFOLIO,Total Portfolio,1.0,6899.32,6899.32
2025-07-03,CASH,Cash,1.0,1112.3,1112.3
2025-07-03,AMD,ADVANCED MICRO DEVICES INC,15.0,116.8705,1753.06
2025-07-03,82W.BE,HIMS & HERS HEALTH INC,100.0,40.8,4080.0
2025-07-03,PORTFOLIO,Total Portfolio,1.0,6945.36,6945.36
2025-07-04,CASH,Cash,1.0,1112.3,1112.3
2025-07-04,AMD,ADVANCED MICRO DEVICES INC,15.0,117.1559,1757.34
2025-07-04,82W.BE,HIMS & HERS HEALTH INC,100.0,39.52,3952.0
2025-07-04,PORTFOLIO,Total Portfolio,1.0,6821.64,6821.64
2025-07-05,CASH,Cash,1.0,1112.3,1112.3
2025-07-05,AMD,ADVANCED MICRO DEVICES INC,15.0,117.1559,1757.34
2025-07-05,82W.BE,HIMS & HERS HEALTH INC,100.0,39.52,3952.0
2025-07-05,PORTFOLIO,Total Portfolio,1.0,6821.64,6821.64
2025-07-06,CASH,Cash,1.0,1112.3,1112.3
2025-07-06,AMD,ADVANCED MICRO DEVICES INC,15.0,117.1559,1757.34
2025-07-06,82W.BE,HIMS & HERS HEALTH INC,100.0,39.52,3952.0
2025-07-06,PORTFOLIO,Total Portfolio,1.0,6821.64,6821.64
2025-07-07,CASH,Cash,1.0,1112.3,1112.3
2025-07-07,AMD,ADVANCED MICRO DEVICES INC,15.0,114.4236,1716.35
2025-07-07,82W.BE,HIMS & HERS HEALTH INC,100.0,41.21,4121.0
2025-07-07,PORTFOLIO,Total Portfolio,1.0,6949.65,6949.65
2025-07-08,CASH,Cash,1.0,1112.3,1112.3
2025-07-08,82W.BE,HIMS & HERS HEALTH INC,100.0,41.67,4167.0
2025-07-08,AMD,ADVANCED MICRO DEVICES INC,15.0,117.4282,1761.42
2025-07-08,PORTFOLIO,Total Portfolio,1.0,7040.72,7040.72
2025-07-09,CASH,Cash,1.0,1112.3,1112.3
2025-07-09,AMD,ADVANCED MICRO DEVICES INC,15.0,118.0513,1770.77
2025-07-09,82W.BE,HIMS & HERS HEALTH INC,100.0,43.6,4360.0
2025-07-09,PORTFOLIO,Total Portfolio,1.0,7243.07,7243.07
2025-07-10,CASH,Cash,1.0,1112.3,1112.3
2025-07-10,AMD,ADVANCED MICRO DEVICES INC,15.0,122.8863,1843.29
2025-07-10,82W.BE,HIMS & HERS HEALTH INC,100.0,43.29,4329.0
2025-07-10,PORTFOLIO,Total Portfolio,1.0,7284.59,7284.59
2025-07-11,CASH,Cash,1.0,1112.3,1112.3
2025-07-11,82W.BE,HIMS & HERS HEALTH INC,100.0,40.95,4095.0
2025-07-11,AMD,ADVANCED MICRO DEVICES INC,15.0,125.1159,1876.74
2025-07-11,PORTFOLIO,Total Portfolio,1.0,7084.04,7084.04
2025-07-12,CASH,Cash,1.0,1112.3,1112.3
2025-07-12,AMD,ADVANCED MICRO DEVICES INC,15.0,125.1159,1876.74
2025-07-12,82W.BE,HIMS & HERS HEALTH INC,100.0,40.95,4095.0
2025-07-12,PORTFOLIO,Total Portfolio,1.0,7084.04,7084.04
2025-07-13,CASH,Cash,1.0,1112.3,1112.3
2025-07-13,AMD,ADVANCED MICRO DEVICES INC,15.0,125.1159,1876.74
2025-07-13,82W.BE,HIMS & HERS HEALTH INC,100.0,40.95,4095.0
2025-07-13,PORTFOLIO,Total Portfolio,1.0,7084.04,7084.04
2025-07-14,CASH,Cash,1.0,1112.3,1112.3
2025-07-14,82W.BE,HIMS & HERS HEALTH INC,100.0,44.52,4452.0
2025-07-14,AMD,ADVANCED MICRO DEVICES INC,15.0,125.1829,1877.74
2025-07-14,PORTFOLIO,Total Portfolio,1.0,7442.04,7442.04
2025-07-15,CASH,Cash,1.0,1112.3,1112.3
2025-07-15,AMD,ADVANCED MICRO DEVICES INC,15.0,133.3842,2000.76
2025-07-15,82W.BE,HIMS & HERS HEALTH INC,100.0,43.48,4348.0
2025-07-15,PORTFOLIO,Total Portfolio,1.0,7461.06,7461.06
2025-07-16,CASH,Cash,1.0,1112.3,1112.3
2025-07-16,AMD,ADVANCED MICRO DEVICES INC,15.0,137.9121,2068.68
2025-07-16,82W.BE,HIMS & HERS HEALTH INC,100.0,44.71,4471.0
2025-07-16,PORTFOLIO,Total Portfolio,1.0,7651.98,7651.98
2025-07-17,CASH,Cash,1.0,304.41,304.41
2025-07-17,AMD,ADVANCED MICRO DEVICES INC,15.0,137.8596,2067.89
2025-07-17,82W.BE,HIMS & HERS HEALTH INC,100.0,43.2,4320.0
2025-07-17,LMND,LEMONADE INC,3.0,35.0042,105.01
2025-07-17,ZETA,ZETA GLOBAL HOLDINGS CORP,50.0,13.6648,683.24
2025-07-17,PORTFOLIO,Total Portfolio,1.0,7480.56,7480.56
2025-07-18,CASH,Cash,1.0,1407.6,1407.6
2025-07-18,AMD,ADVANCED MICRO DEVICES INC,15.0,135.1558,2027.34
2025-07-18,82W.BE,HIMS & HERS HEALTH INC,100.0,43.24,4324.0
2025-07-18,ZETA,ZETA GLOBAL HOLDINGS CORP,50.0,13.4304,671.52
2025-07-18,PORTFOLIO,Total Portfolio,1.0,8430.46,8430.46
2025-07-19,CASH,Cash,1.0,1407.6,1407.6
2025-07-19,ZETA,ZETA GLOBAL HOLDINGS CORP,50.0,13.4304,671.52
2025-07-19,AMD,ADVANCED MICRO DEVICES INC,15.0,135.1558,2027.34
2025-07-19,82W.BE,HIMS & HERS HEALTH INC,100.0,43.24,4324.0
2025-07-19,PORTFOLIO,Total Portfolio,1.0,8430.46,8430.46
2025-07-20,CASH,Cash,1.0,1407.6,1407.6
2025-07-20,82W.BE,HIMS & HERS HEALTH INC,100.0,43.24,4324.0
2025-07-20,AMD,ADVANCED MICRO DEVICES INC,15.0,135.1558,2027.34
2025-07-20,ZETA,ZETA GLOBAL HOLDINGS CORP,50.0,13.4304,671.52
2025-07-20,PORTFOLIO,Total Portfolio,1.0,8430.46,8430.46
2025-07-21,CASH,Cash,1.0,1407.6,1407.6
2025-07-21,ZETA,ZETA GLOBAL HOLDINGS CORP,50.0,13.4385,671.93
2025-07-21,AMD,ADVANCED MICRO DEVICES INC,15.0,134.987,2024.81
2025-07-21,82W.BE,HIMS & HERS HEALTH INC,100.0,40.83,4083.0
2025-07-21,PORTFOLIO,Total Portfolio,1.0,8187.33,8187.33
2025-07-22,CASH,Cash,1.0,1407.6,1407.6
2025-07-22,ZETA,ZETA GLOBAL HOLDINGS CORP,50.0,13.3567,667.83
2025-07-22,AMD,ADVANCED MICRO DEVICES INC,15.0,132.3011,1984.52
2025-07-22,82W.BE,HIMS & HERS HEALTH INC,100.0,42.61,4261.0
2025-07-22,PORTFOLIO,Total Portfolio,1.0,8320.95,8320.95
2025-07-23,CASH,Cash,1.0,1407.6,1407.6
2025-07-23,ZETA,ZETA GLOBAL HOLDINGS CORP,50.0,14.1066,705.33
2025-07-23,AMD,ADVANCED MICRO DEVICES INC,15.0,135.146,2027.19
2025-07-23,82W.BE,HIMS & HERS HEALTH INC,100.0,49.47,4947.0
2025-07-23,PORTFOLIO,Total Portfolio,1.0,9087.12,9087.12
2025-07-24,CASH,Cash,1.0,1407.6,1407.6
2025-07-24,ZETA,ZETA GLOBAL HOLDINGS CORP,50.0,13.4955,674.78
2025-07-24,AMD,ADVANCED MICRO DEVICES INC,15.0,137.6901,2065.35
2025-07-24,82W.BE,HIMS & HERS HEALTH INC,100.0,48.65,4865.0
2025-07-24,PORTFOLIO,Total Portfolio,1.0,9012.73,9012.73
2025-07-25,CASH,Cash,1.0,1407.6,1407.6
2025-07-25,82W.BE,HIMS & HERS HEALTH INC,100.0,49.25,4925.0
2025-07-25,AMD,ADVANCED MICRO DEVICES INC,15.0,141.6027,2124.04
2025-07-25,ZETA,ZETA GLOBAL HOLDINGS CORP,50.0,13.6439,682.2
2025-07-25,PORTFOLIO,Total Portfolio,1.0,9138.84,9138.84
2025-07-26,CASH,Cash,1.0,1407.6,1407.6
2025-07-26,ZETA,ZETA GLOBAL HOLDINGS CORP,50.0,13.6439,682.2
2025-07-26,AMD,ADVANCED MICRO DEVICES INC,15.0,141.6027,2124.04
2025-07-26,82W.BE,HIMS & HERS HEALTH INC,100.0,49.25,4925.0
2025-07-26,PORTFOLIO,Total Portfolio,1.0,9138.84,9138.84
2025-07-27,CASH,Cash,1.0,1407.6,1407.6
2025-07-27,AMD,ADVANCED MICRO DEVICES INC,15.0,141.6027,2124.04
2025-07-27,82W.BE,HIMS & HERS HEALTH INC,100.0,49.25,4925.0
2025-07-27,ZETA,ZETA GLOBAL HOLDINGS CORP,50.0,13.6439,682.2
2025-07-27,PORTFOLIO,Total Portfolio,1.0,9138.84,9138.84
2025-07-28,CASH,Cash,1.0,1407.6,1407.6
2025-07-28,ZETA,ZETA GLOBAL HOLDINGS CORP,50.0,13.6516,682.58
2025-07-28,AMD,ADVANCED MICRO DEVICES INC,15.0,147.71,2215.65
2025-07-28,82W.BE,HIMS & HERS HEALTH INC,100.0,50.56,5056.0
2025-07-28,PORTFOLIO,Total Portfolio,1.0,9361.83,9361.83
2025-07-29,CASH,Cash,1.0,1407.6,1407.6
2025-07-29,ZETA,ZETA GLOBAL HOLDINGS CORP,50.0,13.3486,667.43
2025-07-29,AMD,ADVANCED MICRO DEVICES INC,15.0,153.0083,2295.12
2025-07-29,82W.BE,HIMS & HERS HEALTH INC,100.0,52.16,5216.0
2025-07-29,PORTFOLIO,Total Portfolio,1.0,9586.15,9586.15
2025-07-30,CASH,Cash,1.0,1407.6,1407.6
2025-07-30,AMD,ADVANCED MICRO DEVICES INC,15.0,155.4072,2331.11
2025-07-30,82W.BE,HIMS & HERS HEALTH INC,100.0,57.4,5740.0
2025-07-30,ZETA,ZETA GLOBAL HOLDINGS CORP,50.0,13.4708,673.54
2025-07-30,PORTFOLIO,Total Portfolio,1.0,10152.25,10152.25
2025-07-31,CASH,Cash,1.0,1407.6,1407.6
2025-07-31,AMD,ADVANCED MICRO DEVICES INC,15.0,154.2607,2313.91
2025-07-31,82W.BE,HIMS & HERS HEALTH INC,100.0,57.74,5774.0
2025-07-31,ZETA,ZETA GLOBAL HOLDINGS CORP,50.0,13.6928,684.64
2025-07-31,PORTFOLIO,Total Portfolio,1.0,10180.15,10180.15
2025-08-01,CASH,Cash,1.0,1407.6,1407.6
2025-08-01,ZETA,ZETA GLOBAL HOLDINGS CORP,50.0,13.2006,660.03
2025-08-01,AMD,ADVANCED MICRO DEVICES INC,15.0,150.301,2254.52
2025-08-01,82W.BE,HIMS & HERS HEALTH INC,100.0,54.06,5406.0
2025-08-01,PORTFOLIO,Total Portfolio,1.0,9728.14,9728.14
2025-08-02,CASH,Cash,1.0,1407.6,1407.6
2025-08-02,AMD,ADVANCED MICRO DEVICES INC,15.0,150.301,2254.52
2025-08-02,82W.BE,HIMS & HERS HEALTH INC,100.0,54.06,5406.0
2025-08-02,ZETA,ZETA GLOBAL HOLDINGS CORP,50.0,13.2006,660.03
2025-08-02,PORTFOLIO,Total Portfolio,1.0,9728.14,9728.14
2025-08-03,CASH,Cash,1.0,1407.6,1407.6
2025-08-03,ZETA,ZETA GLOBAL HOLDINGS CORP,50.0,13.2006,660.03
2025-08-03,AMD,ADVANCED MICRO DEVICES INC,15.0,150.301,2254.52
2025-08-03,82W.BE,HIMS & HERS HEALTH INC,100.0,54.06,5406.0
2025-08-03,PORTFOLIO,Total Portfolio,1.0,9728.14,9728.14
2025-08-04,CASH,Cash,1.0,1407.6,1407.6
2025-08-04,ZETA,ZETA GLOBAL HOLDINGS CORP,50.0,13.6363,681.82
2025-08-04,AMD,ADVANCED MICRO DEVICES INC,15.0,152.5717,2288.58
2025-08-04,82W.BE,HIMS & HERS HEALTH INC,100.0,54.76,5476.0
2025-08-04,PORTFOLIO,Total Portfolio,1.0,9853.99,9853.99
2025-08-05,CASH,Cash,1.0,1407.6,1407.6
2025-08-05,82W.BE,HIMS & HERS HEALTH INC,100.0,48.13,4813.0
2025-08-05,AMD,ADVANCED MICRO DEVICES INC,15.0,150.4731,2257.1
2025-08-05,ZETA,ZETA GLOBAL HOLDINGS CORP,50.0,13.6998,684.99
2025-08-05,PORTFOLIO,Total Portfolio,1.0,9162.69,9162.69
2025-08-06,CASH,Cash,1.0,1407.6,1407.6
2025-08-06,ZETA,ZETA GLOBAL HOLDINGS CORP,50.0,17.471,873.55
2025-08-06,AMD,ADVANCED MICRO DEVICES INC,15.0,140.8737,2113.11
2025-08-06,82W.BE,HIMS & HERS HEALTH INC,100.0,43.68,4368.0
2025-08-06,PORTFOLIO,Total Portfolio,1.0,8762.26,8762.26
2025-08-07,CASH,Cash,1.0,242.06,242.06
2025-08-07,ZETA,ZETA GLOBAL HOLDINGS CORP,50.0,16.7879,839.39
2025-08-07,AMD,ADVANCED MICRO DEVICES INC,20.0,147.8158,2956.32
2025-08-07,82W.BE,HIMS & HERS HEALTH INC,110.0,44.04,4844.4
2025-08-07,PORTFOLIO,Total Portfolio,1.0,8882.17,8882.17
2025-08-08,CASH,Cash,1.0,242.06,242.06
2025-08-08,ZETA,ZETA GLOBAL HOLDINGS CORP,50.0,16.0406,802.03
2025-08-08,AMD,ADVANCED MICRO DEVICES INC,20.0,147.9534,2959.07
2025-08-08,82W.BE,HIMS & HERS HEALTH INC,110.0,44.63,4909.3
2025-08-08,PORTFOLIO,Total Portfolio,1.0,8912.46,8912.46
2025-08-09,CASH,Cash,1.0,242.06,242.06
2025-08-09,ZETA,ZETA GLOBAL HOLDINGS CORP,50.0,16.0406,802.03
2025-08-09,AMD,ADVANCED MICRO DEVICES INC,20.0,147.9534,2959.07
2025-08-09,82W.BE,HIMS & HERS HEALTH INC,110.0,44.63,4909.3
2025-08-09,PORTFOLIO,Total Portfolio,1.0,8912.46,8912.46
2025-08-10,CASH,Cash,1.0,242.06,242.06
2025-08-10,82W.BE,HIMS & HERS HEALTH INC,110.0,44.63,4909.3
2025-08-10,AMD,ADVANCED MICRO DEVICES INC,20.0,147.9534,2959.07
2025-08-10,ZETA,ZETA GLOBAL HOLDINGS CORP,50.0,16.0406,802.03
2025-08-10,PORTFOLIO,Total Portfolio,1.0,8912.46,8912.46
2025-08-11,CASH,Cash,1.0,242.06,242.06
2025-08-11,ZETA,ZETA GLOBAL HOLDINGS CORP,50.0,15.4705,773.53
2025-08-11,AMD,ADVANCED MICRO DEVICES INC,20.0,147.9058,2958.12
2025-08-11,82W.BE,HIMS & HERS HEALTH INC,110.0,42.98,4727.8
2025-08-11,PORTFOLIO,Total Portfolio,1.0,8701.5,8701.5
2025-08-12,CASH,Cash,1.0,2781.03,2781.03
2025-08-12,ZETA,ZETA GLOBAL HOLDINGS CORP,50.0,15.9488,797.44
2025-08-12,AMD,ADVANCED MICRO DEVICES INC,20.0,150.5795,3011.59
2025-08-12,82W.BE,HIMS & HERS HEALTH INC,50.0,41.07,2053.5
2025-08-12,PORTFOLIO,Total Portfolio,1.0,8643.56,8643.56
2025-08-13,CASH,Cash,1.0,1192.6,1192.6
2025-08-13,82W.BE,HIMS & HERS HEALTH INC,70.0,41.37,2895.9
2025-08-13,HROW,HARROW HEALTH INC,25.0,31.2579,781.45
2025-08-13,ZETA,ZETA GLOBAL HOLDINGS CORP,50.0,15.7916,789.58
2025-08-13,AMD,ADVANCED MICRO DEVICES INC,20.0,157.9336,3158.67
2025-08-13,PORTFOLIO,Total Portfolio,1.0,8818.2,8818.2
2025-08-14,CASH,Cash,1.0,1192.6,1192.6
2025-08-14,HROW,HARROW HEALTH INC,25.0,34.1589,853.97
2025-08-14,ZETA,ZETA GLOBAL HOLDINGS CORP,50.0,15.2055,760.27
2025-08-14,AMD,ADVANCED MICRO DEVICES INC,20.0,154.4879,3089.76
2025-08-14,82W.BE,HIMS & HERS HEALTH INC,70.0,40.52,2836.4
2025-08-14,PORTFOLIO,Total Portfolio,1.0,8733.0,8733.0
2025-08-15,CASH,Cash,1.0,1192.6,1192.6
2025-08-15,82W.BE,HIMS & HERS HEALTH INC,70.0,39.43,2760.1
2025-08-15,HROW,HARROW HEALTH INC,25.0,33.318,832.95
2025-08-15,ZETA,ZETA GLOBAL HOLDINGS CORP,50.0,16.4187,820.94
2025-08-15,AMD,ADVANCED MICRO DEVICES INC,20.0,152.3515,3047.03
2025-08-15,PORTFOLIO,Total Portfolio,1.0,8653.62,8653.62
2025-08-16,CASH,Cash,1.0,1192.6,1192.6
2025-08-16,HROW,HARROW HEALTH INC,25.0,33.318,832.95
2025-08-16,ZETA,ZETA GLOBAL HOLDINGS CORP,50.0,16.4187,820.94
2025-08-16,AMD,ADVANCED MICRO DEVICES INC,20.0,152.3515,3047.03
2025-08-16,82W.BE,HIMS & HERS HEALTH INC,70.0,39.43,2760.1
2025-08-16,PORTFOLIO,Total Portfolio,1.0,8653.62,8653.62
2025-08-17,CASH,Cash,1.0,1192.6,1192.6
2025-08-17,82W.BE,HIMS & HERS HEALTH INC,70.0,39.43,2760.1
2025-08-17,AMD,ADVANCED MICRO DEVICES INC,20.0,152.3515,3047.03
2025-08-17,HROW,HARROW HEALTH INC,25.0,33.318,832.95
2025-08-17,ZETA,ZETA GLOBAL HOLDINGS CORP,50.0,16.4187,820.94
2025-08-17,PORTFOLIO,Total Portfolio,1.0,8653.62,8653.62
2025-08-18,CASH,Cash,1.0,1192.6,1192.6
2025-08-18,HROW,HARROW HEALTH INC,25.0,32.7337,818.34
2025-08-18,ZETA,ZETA GLOBAL HOLDINGS CORP,50.0,16.8367,841.83
2025-08-18,AMD,ADVANCED MICRO DEVICES INC,20.0,150.4623,3009.25
2025-08-18,82W.BE,HIMS & HERS HEALTH INC,70.0,38.49,2694.3
2025-08-18,PORTFOLIO,Total Portfolio,1.0,8556.32,8556.32
2025-08-19,CASH,Cash,1.0,804.66,804.66
2025-08-19,82W.BE,HIMS & HERS HEALTH INC,80.0,36.04,2883.2
2025-08-19,AMD,ADVANCED MICRO DEVICES INC,20.0,142.7367,2854.73
2025-08-19,ZETA,ZETA GLOBAL HOLDINGS CORP,50.0,16.292,814.6
2025-08-19,HROW,HARROW HEALTH INC,25.0,32.7639,819.1
2025-08-19,PORTFOLIO,Total Portfolio,1.0,8176.29,8176.29
2025-08-20,CASH,Cash,1.0,588.07,588.07
2025-08-20,HROW,HARROW HEALTH INC,25.0,32.8365,820.91
2025-08-20,ZETA,ZETA GLOBAL HOLDINGS CORP,50.0,15.6066,780.33
2025-08-20,AMD,ADVANCED MICRO DEVICES INC,20.0,141.8936,2837.87
2025-08-20,82W.BE,HIMS & HERS HEALTH INC,100.0,37.22,3722.0
2025-08-20,PORTFOLIO,Total Portfolio,1.0,8749.18,8749.18
2025-08-21,CASH,Cash,1.0,588.07,588.07
2025-08-21,82W.BE,HIMS & HERS HEALTH INC,100.0,37.71,3771.0
2025-08-21,AMD,ADVANCED MICRO DEVICES INC,20.0,140.5025,2810.05
2025-08-21,ZETA,ZETA GLOBAL HOLDINGS CORP,50.0,15.6972,784.86
2025-08-21,HROW,HARROW HEALTH INC,25.0,32.7504,818.76
2025-08-21,PORTFOLIO,Total Portfolio,1.0,8772.74,8772.74
2025-08-22,CASH,Cash,1.0,588.07,588.07
2025-08-22,HROW,HARROW HEALTH INC,25.0,33.6862,842.16
2025-08-22,ZETA,ZETA GLOBAL HOLDINGS CORP,50.0,16.8345,841.73
2025-08-22,AMD,ADVANCED MICRO DEVICES INC,20.0,144.4581,2889.16
2025-08-22,82W.BE,HIMS & HERS HEALTH INC,100.0,38.04,3804.0
2025-08-22,PORTFOLIO,Total Portfolio,1.0,8965.11,8965.11
2025-08-23,CASH,Cash,1.0,588.07,588.07
2025-08-23,AMD,ADVANCED MICRO DEVICES INC,20.0,144.4581,2889.16
2025-08-23,82W.BE,HIMS & HERS HEALTH INC,100.0,38.04,3804.0
2025-08-23,HROW,HARROW HEALTH INC,25.0,33.6862,842.16
2025-08-23,ZETA,ZETA GLOBAL HOLDINGS CORP,50.0,16.8345,841.73
2025-08-23,PORTFOLIO,Total Portfolio,1.0,8965.11,8965.11
2025-08-24,CASH,Cash,1.0,588.07,588.07
2025-08-24,HROW,HARROW HEALTH INC,25.0,33.6862,842.16
2025-08-24,ZETA,ZETA GLOBAL HOLDINGS CORP,50.0,16.8345,841.73
2025-08-24,AMD,ADVANCED MICRO DEVICES INC,20.0,144.4581,2889.16
2025-08-24,82W.BE,HIMS & HERS HEALTH INC,100.0,38.04,3804.0
2025-08-24,PORTFOLIO,Total Portfolio,1.0,8965.11,8965.11
2025-08-25,CASH,Cash,1.0,588.07,588.07
2025-08-25,82W.BE,HIMS & HERS HEALTH INC,100.0,37.06,3706.0
2025-08-25,ZETA,ZETA GLOBAL HOLDINGS CORP,50.0,16.8238,841.19
2025-08-25,HROW,HARROW HEALTH INC,25.0,31.9054,797.64
2025-08-25,AMD,ADVANCED MICRO DEVICES INC,20.0,139.5094,2790.19
2025-08-25,PORTFOLIO,Total Portfolio,1.0,8723.08,8723.08
2025-08-26,CASH,Cash,1.0,588.07,588.07
2025-08-26,HROW,HARROW HEALTH INC,25.0,33.1972,829.93
2025-08-26,ZETA,ZETA GLOBAL HOLDINGS CORP,50.0,16.973,848.65
2025-08-26,AMD,ADVANCED MICRO DEVICES INC,20.0,143.4098,2868.2
2025-08-26,82W.BE,HIMS & HERS HEALTH INC,100.0,39.02,3902.0
2025-08-26,PORTFOLIO,Total Portfolio,1.0,9036.85,9036.85
2025-08-27,CASH,Cash,1.0,249.84,249.84
2025-08-27,ZETA,ZETA GLOBAL HOLDINGS CORP,50.0,17.1143,855.71
2025-08-27,AMD,ADVANCED MICRO DEVICES INC,20.0,143.5897,2871.79
2025-08-27,HROW,HARROW HEALTH INC,35.0,33.3264,1166.42
2025-08-27,82W.BE,HIMS & HERS HEALTH INC,100.0,37.91,3791.0
2025-08-27,PORTFOLIO,Total Portfolio,1.0,8934.77,8934.77
2025-08-28,CASH,Cash,1.0,249.84,249.84
2025-08-28,HROW,HARROW HEALTH INC,35.0,33.4737,1171.58
2025-08-28,ZETA,ZETA GLOBAL HOLDINGS CORP,50.0,16.7841,839.2
2025-08-28,AMD,ADVANCED MICRO DEVICES INC,20.0,144.7293,2894.59
2025-08-28,82W.BE,HIMS & HERS HEALTH INC,100.0,37.74,3774.0
2025-08-28,PORTFOLIO,Total Portfolio,1.0,8929.21,8929.21
2025-08-29,CASH,Cash,1.0,249.84,249.84
2025-08-29,HROW,HARROW HEALTH INC,35.0,33.386,1168.51
2025-08-29,ZETA,ZETA GLOBAL HOLDINGS CORP,50.0,16.8128,840.64
2025-08-29,AMD,ADVANCED MICRO DEVICES INC,20.0,139.2194,2784.39
2025-08-29,82W.BE,HIMS & HERS HEALTH INC,100.0,36.18,3618.0
2025-08-29,PORTFOLIO,Total Portfolio,1.0,8661.38,8661.38
2025-08-30,CASH,Cash,1.0,249.84,249.84
2025-08-30,82W.BE,HIMS & HERS HEALTH INC,100.0,36.18,3618.0
2025-08-30,HROW,HARROW HEALTH INC,35.0,33.386,1168.51
2025-08-30,ZETA,ZETA GLOBAL HOLDINGS CORP,50.0,16.8128,840.64
2025-08-30,AMD,ADVANCED MICRO DEVICES INC,20.0,139.2194,2784.39
2025-08-30,PORTFOLIO,Total Portfolio,1.0,8661.38,8661.38
2025-08-31,CASH,Cash,1.0,249.84,249.84
2025-08-31,HROW,HARROW HEALTH INC,35.0,33.386,1168.51
2025-08-31,ZETA,ZETA GLOBAL HOLDINGS CORP,50.0,16.8128,840.64
2025-08-31,AMD,ADVANCED MICRO DEVICES INC,20.0,139.2194,2784.39
2025-08-31,82W.BE,HIMS & HERS HEALTH INC,100.0,36.18,3618.0
2025-08-31,PORTFOLIO,Total Portfolio,1.0,8661.38,8661.38
2025-09-01,CASH,Cash,1.0,249.84,249.84
2025-09-01,82W.BE,HIMS & HERS HEALTH INC,100.0,36.92,3692.0
2025-09-01,ZETA,ZETA GLOBAL HOLDINGS CORP,50.0,16.7981,839.9
2025-09-01,HROW,HARROW HEALTH INC,35.0,33.3567,1167.48
2025-09-01,AMD,ADVANCED MICRO DEVICES INC,20.0,139.0974,2781.95
2025-09-01,PORTFOLIO,Total Portfolio,1.0,8731.18,8731.18
2025-09-02,CASH,Cash,1.0,249.84,249.84
2025-09-02,HROW,HARROW HEALTH INC,35.0,32.1955,1126.84
2025-09-02,ZETA,ZETA GLOBAL HOLDINGS CORP,50.0,15.8161,790.8
2025-09-02,AMD,ADVANCED MICRO DEVICES INC,20.0,138.5466,2770.93
2025-09-02,82W.BE,HIMS & HERS HEALTH INC,100.0,35.76,3576.0
2025-09-02,PORTFOLIO,Total Portfolio,1.0,8514.42,8514.42
2025-09-03,CASH,Cash,1.0,249.84,249.84
2025-09-03,AMD,ADVANCED MICRO DEVICES INC,20.0,139.3345,2786.69
2025-09-03,82W.BE,HIMS & HERS HEALTH INC,100.0,38.35,3835.0
2025-09-03,ZETA,ZETA GLOBAL HOLDINGS CORP,50.0,16.1309,806.55
2025-09-03,HROW,HARROW HEALTH INC,35.0,32.09,1123.15
2025-09-03,PORTFOLIO,Total Portfolio,1.0,8801.23,8801.23
2025-09-04,CASH,Cash,1.0,866.35,866.35
2025-09-04,HROW,HARROW HEALTH INC,35.0,31.0451,1086.58
2025-09-04,ZETA,ZETA GLOBAL HOLDINGS CORP,50.0,16.02,801.0
2025-09-04,AMD,ADVANCED MICRO DEVICES INC,20.0,138.7511,2775.02
2025-09-04,82W.BE,HIMS & HERS HEALTH INC,100.0,41.36,4136.0
2025-09-04,ASTS,AST SPACEMOBILE INC,5.0,35.8991,179.5
2025-09-04,PORTFOLIO,Total Portfolio,1.0,9844.45,9844.45
2025-09-05,CASH,Cash,1.0,866.35,866.35
2025-09-05,ASTS,AST SPACEMOBILE INC,5.0,36.3818,181.91
2025-09-05,82W.BE,HIMS & HERS HEALTH INC,100.0,41.36,4136.0
2025-09-05,ZETA,ZETA GLOBAL HOLDINGS CORP,50.0,16.2136,810.68
2025-09-05,HROW,HARROW HEALTH INC,35.0,31.7322,1110.63
2025-09-05,AMD,ADVANCED MICRO DEVICES INC,20.0,129.657,2593.14
2025-09-05,PORTFOLIO,Total Portfolio,1.0,9698.7,9698.7
2025-09-06,CASH,Cash,1.0,866.35,866.35
2025-09-06,HROW,HARROW HEALTH INC,35.0,31.7322,1110.63
2025-09-06,ZETA,ZETA GLOBAL HOLDINGS CORP,50.0,16.2136,810.68
2025-09-06,AMD,ADVANCED MICRO DEVICES INC,20.0,129.657,2593.14
2025-09-06,82W.BE,HIMS & HERS HEALTH INC,100.0,41.36,4136.0
2025-09-06,ASTS,AST SPACEMOBILE INC,5.0,36.3818,181.91
2025-09-06,PORTFOLIO,Total Portfolio,1.0,9698.7,9698.7
2025-09-07,CASH,Cash,1.0,866.35,866.35
2025-09-07,ASTS,AST SPACEMOBILE INC,5.0,36.3818,181.91
2025-09-07,82W.BE,HIMS & HERS HEALTH INC,100.0,41.36,4136.0
2025-09-07,AMD,ADVANCED MICRO DEVICES INC,20.0,129.657,2593.14
2025-09-07,HROW,HARROW HEALTH INC,35.0,31.7322,1110.63
2025-09-07,ZETA,ZETA GLOBAL HOLDINGS CORP,50.0,16.2136,810.68
2025-09-07,PORTFOLIO,Total Portfolio,1.0,9698.7,9698.7
2025-09-08,CASH,Cash,1.0,866.35,866.35
2025-09-08,82W.BE,HIMS & HERS HEALTH INC,100.0,42.34,4234.0
2025-09-08,ASTS,AST SPACEMOBILE INC,5.0,34.807,174.03
2025-09-08,ZETA,ZETA GLOBAL HOLDINGS CORP,50.0,15.854,792.7
2025-09-08,HROW,HARROW HEALTH INC,35.0,33.9532,1188.36
2025-09-08,AMD,ADVANCED MICRO DEVICES INC,20.0,129.2648,2585.3
2025-09-08,PORTFOLIO,Total Portfolio,1.0,9840.74,9840.74
2025-09-09,CASH,Cash,1.0,866.35,866.35
2025-09-09,ASTS,AST SPACEMOBILE INC,5.0,31.3617,156.81
2025-09-09,82W.BE,HIMS & HERS HEALTH INC,100.0,40.63,4063.0
2025-09-09,HROW,HARROW HEALTH INC,35.0,33.3924,1168.73
2025-09-09,ZETA,ZETA GLOBAL HOLDINGS CORP,50.0,15.889,794.45
2025-09-09,AMD,ADVANCED MICRO DEVICES INC,20.0,132.3971,2647.94
2025-09-09,PORTFOLIO,Total Portfolio,1.0,9697.29,9697.29
2025-09-10,CASH,Cash,1.0,866.35,866.35
2025-09-10,ZETA,ZETA GLOBAL HOLDINGS CORP,50.0,16.1159,805.79
2025-09-10,AMD,ADVANCED MICRO DEVICES INC,20.0,136.3269,2726.54
2025-09-10,82W.BE,HIMS & HERS HEALTH INC,100.0,40.77,4077.0
2025-09-10,ASTS,AST SPACEMOBILE INC,5.0,32.1121,160.56
2025-09-10,HROW,HARROW HEALTH INC,35.0,33.2144,1162.5
2025-09-10,PORTFOLIO,Total Portfolio,1.0,9798.75,9798.75
2025-09-11,CASH,Cash,1.0,866.35,866.35
2025-09-11,HROW,HARROW HEALTH INC,35.0,33.7081,1179.78
2025-09-11,ZETA,ZETA GLOBAL HOLDINGS CORP,50.0,17.7384,886.92
2025-09-11,AMD,ADVANCED MICRO DEVICES INC,20.0,133.0122,2660.24
2025-09-11,82W.BE,HIMS & HERS HEALTH INC,100.0,44.15,4415.0
2025-09-11,ASTS,AST SPACEMOBILE INC,5.0,32.7852,163.93
2025-09-11,PORTFOLIO,Total Portfolio,1.0,10172.22,10172.22
2025-09-12,CASH,Cash,1.0,866.35,866.35
2025-09-12,ZETA,ZETA GLOBAL HOLDINGS CORP,50.0,17.3417,867.08
2025-09-12,ASTS,AST SPACEMOBILE INC,5.0,32.996,164.98
2025-09-12,82W.BE,HIMS & HERS HEALTH INC,100.0,47.27,4727.0
2025-09-12,HROW,HARROW HEALTH INC,35.0,33.5925,1175.74
2025-09-12,AMD,ADVANCED MICRO DEVICES INC,20.0,135.1286,2702.57
2025-09-12,PORTFOLIO,Total Portfolio,1.0,10503.72,10503.72
2025-09-13,CASH,Cash,1.0,866.35,866.35
2025-09-13,HROW,HARROW HEALTH INC,35.0,33.5925,1175.74
2025-09-13,ZETA,ZETA GLOBAL HOLDINGS CORP,50.0,17.3417,867.08
2025-09-13,AMD,ADVANCED MICRO DEVICES INC,20.0,135.1286,2702.57
2025-09-13,82W.BE,HIMS & HERS HEALTH INC,100.0,47.27,4727.0
2025-09-13,ASTS,AST SPACEMOBILE INC,5.0,32.996,164.98
2025-09-13,PORTFOLIO,Total Portfolio,1.0,10503.72,10503.72
2025-09-14,CASH,Cash,1.0,866.35,866.35
2025-09-14,82W.BE,HIMS & HERS HEALTH INC,100.0,47.27,4727.0
2025-09-14,ASTS,AST SPACEMOBILE INC,5.0,32.996,164.98
2025-09-14,ZETA,ZETA GLOBAL HOLDINGS CORP,50.0,17.3417,867.08
2025-09-14,HROW,HARROW HEALTH INC,35.0,33.5925,1175.74
2025-09-14,AMD,ADVANCED MICRO DEVICES INC,20.0,135.1286,2702.57
2025-09-14,PORTFOLIO,Total Portfolio,1.0,10503.72,10503.72
2025-09-15,CASH,Cash,1.0,866.35,866.35
2025-09-15,HROW,HARROW HEALTH INC,35.0,36.5156,1278.05
2025-09-15,ZETA,ZETA GLOBAL HOLDINGS CORP,50.0,17.3709,868.55
2025-09-15,AMD,ADVANCED MICRO DEVICES INC,20.0,137.4324,2748.65
2025-09-15,82W.BE,HIMS & HERS HEALTH INC,100.0,45.85,4585.0
2025-09-15,ASTS,AST SPACEMOBILE INC,5.0,34.938,174.69
2025-09-15,PORTFOLIO,Total Portfolio,1.0,10521.28,10521.28
2025-09-16,CASH,Cash,1.0,866.35,866.35
2025-09-16,ASTS,AST SPACEMOBILE INC,5.0,34.3683,171.84
2025-09-16,82W.BE,HIMS & HERS HEALTH INC,100.0,42.88,4288.0
2025-09-16,HROW,HARROW HEALTH INC,35.0,36.4595,1276.08
2025-09-16,ZETA,ZETA GLOBAL HOLDINGS CORP,50.0,17.3329,866.65
2025-09-16,AMD,ADVANCED MICRO DEVICES INC,20.0,136.4022,2728.04
2025-09-16,PORTFOLIO,Total Portfolio,1.0,10196.97,10196.97
2025-09-17,CASH,Cash,1.0,866.35,866.35
2025-09-17,HROW,HARROW HEALTH INC,35.0,36.3478,1272.17
2025-09-17,ZETA,ZETA GLOBAL HOLDINGS CORP,50.0,17.361,868.05
2025-09-17,AMD,ADVANCED MICRO DEVICES INC,20.0,134.07,2681.4
2025-09-17,82W.BE,HIMS & HERS HEALTH INC,100.0,42.56,4256.0
2025-09-17,ASTS,AST SPACEMOBILE INC,5.0,34.6968,173.48
2025-09-17,PORTFOLIO,Total Portfolio,1.0,10117.46,10117.46
2025-09-18,CASH,Cash,1.0,866.35,866.35
2025-09-18,HROW,HARROW HEALTH INC,35.0,38.372,1343.02
2025-09-18,ZETA,ZETA GLOBAL HOLDINGS CORP,50.0,17.8415,892.08
2025-09-18,AMD,ADVANCED MICRO DEVICES INC,20.0,133.5324,2670.65
2025-09-18,82W.BE,HIMS & HERS HEALTH INC,100.0,47.45,4745.0
2025-09-18,ASTS,AST SPACEMOBILE INC,5.0,35.0404,175.2
2025-09-18,PORTFOLIO,Total Portfolio,1.0,10692.3,10692.3
2025-09-19,CASH,Cash,1.0,866.35,866.35
2025-09-19,82W.BE,HIMS & HERS HEALTH INC,100.0,49.34,4934.0
2025-09-19,ASTS,AST SPACEMOBILE INC,5.0,38.2493,191.25
2025-09-19,ZETA,ZETA GLOBAL HOLDINGS CORP,50.0,18.2257,911.28
2025-09-19,HROW,HARROW HEALTH INC,35.0,37.6048,1316.17
2025-09-19,AMD,ADVANCED MICRO DEVICES INC,20.0,133.4825,2669.65
2025-09-19,PORTFOLIO,Total Portfolio,1.0,10888.7,10888.7
2025-09-20,CASH,Cash,1.0,866.35,866.35
2025-09-20,ASTS,AST SPACEMOBILE INC,5.0,38.2493,191.25
2025-09-20,82W.BE,HIMS & HERS HEALTH INC,100.0,49.34,4934.0
2025-09-20,ZETA,ZETA GLOBAL HOLDINGS CORP,50.0,18.2257,911.28
2025-09-20,HROW,HARROW HEALTH INC,35.0,37.6048,1316.17
2025-09-20,AMD,ADVANCED MICRO DEVICES INC,20.0,133.4825,2669.65
2025-09-20,PORTFOLIO,Total Portfolio,1.0,10888.7,10888.7
2025-09-21,CASH,Cash,1.0,866.35,866.35
2025-09-21,HROW,HARROW HEALTH INC,35.0,37.6048,1316.17
2025-09-21,ZETA,ZETA GLOBAL HOLDINGS CORP,50.0,18.2257,911.28
2025-09-21,AMD,ADVANCED MICRO DEVICES INC,20.0,133.4825,2669.65
2025-09-21,82W.BE,HIMS & HERS HEALTH INC,100.0,49.34,4934.0
2025-09-21,ASTS,AST SPACEMOBILE INC,5.0,38.2493,191.25
2025-09-21,PORTFOLIO,Total Portfolio,1.0,10888.7,10888.7
2025-09-22,CASH,Cash,1.0,866.35,866.35
2025-09-22,ASTS,AST SPACEMOBILE INC,5.0,41.6207,208.1
2025-09-22,82W.BE,HIMS & HERS HEALTH INC,100.0,48.99,4899.0
2025-09-22,ZETA,ZETA GLOBAL HOLDINGS CORP,50.0,18.8124,940.62
2025-09-22,HROW,HARROW HEALTH INC,35.0,39.2691,1374.42
2025-09-22,AMD,ADVANCED MICRO DEVICES INC,20.0,136.1427,2722.85
2025-09-22,PORTFOLIO,Total Portfolio,1.0,11011.35,11011.35
2025-09-23,CASH,Cash,1.0,866.35,866.35
2025-09-23,ASTS,AST SPACEMOBILE INC,5.0,46.4364,232.18
2025-09-23,HROW,HARROW HEALTH INC,35.0,41.3945,1448.81
2025-09-23,ZETA,ZETA GLOBAL HOLDINGS CORP,50.0,18.261,913.05
2025-09-23,AMD,ADVANCED MICRO DEVICES INC,20.0,136.3434,2726.87
2025-09-23,82W.BE,HIMS & HERS HEALTH INC,100.0,47.95,4795.0
2025-09-23,PORTFOLIO,Total Portfolio,1.0,10982.26,10982.26
2025-09-24,CASH,Cash,1.0,866.35,866.35
2025-09-24,HROW,HARROW HEALTH INC,35.0,40.5266,1418.43
2025-09-24,ZETA,ZETA GLOBAL HOLDINGS CORP,50.0,17.4109,870.54
2025-09-24,AMD,ADVANCED MICRO DEVICES INC,20.0,136.1721,2723.44
2025-09-24,82W.BE,HIMS & HERS HEALTH INC,100.0,45.36,4536.0
2025-09-24,ASTS,AST SPACEMOBILE INC,5.0,46.1299,230.65
2025-09-24,PORTFOLIO,Total Portfolio,1.0,10645.41,10645.41
2025-09-25,CASH,Cash,1.0,866.35,866.35
2025-09-25,82W.BE,HIMS & HERS HEALTH INC,100.0,47.14,4714.0
2025-09-25,ASTS,AST SPACEMOBILE INC,5.0,42.0531,210.27
2025-09-25,ZETA,ZETA GLOBAL HOLDINGS CORP,50.0,17.2929,864.65
2025-09-25,HROW,HARROW HEALTH INC,35.0,39.2944,1375.3
2025-09-25,AMD,ADVANCED MICRO DEVICES INC,20.0,137.3133,2746.27
2025-09-25,PORTFOLIO,Total Portfolio,1.0,10776.83,10776.83
2025-09-26,CASH,Cash,1.0,866.35,866.35
2025-09-26,HROW,HARROW HEALTH INC,35.0,40.385,1413.47
2025-09-26,ZETA,ZETA GLOBAL HOLDINGS CORP,50.0,17.5945,879.72
2025-09-26,AMD,ADVANCED MICRO DEVICES INC,20.0,136.7258,2734.52
2025-09-26,82W.BE,HIMS & HERS HEALTH INC,100.0,49.67,4967.0
2025-09-26,ASTS,AST SPACEMOBILE INC,5.0,42.0912,210.46
2025-09-26,PORTFOLIO,Total Portfolio,1.0,11071.52,11071.52
2025-09-27,CASH,Cash,1.0,866.35,866.35
2025-09-27,ASTS,AST SPACEMOBILE INC,5.0,42.0912,210.46
2025-09-27,82W.BE,HIMS & HERS HEALTH INC,100.0,49.67,4967.0
2025-09-27,ZETA,ZETA GLOBAL HOLDINGS CORP,50.0,17.5945,879.72
2025-09-27,HROW,HARROW HEALTH INC,35.0,40.385,1413.47
2025-09-27,AMD,ADVANCED MICRO DEVICES INC,20.0,136.7258,2734.52
2025-09-27,PORTFOLIO,Total Portfolio,1.0,11071.52,11071.52
2025-09-28,CASH,Cash,1.0,866.35,866.35
2025-09-28,HROW,HARROW HEALTH INC,35.0,40.385,1413.47
2025-09-28,ZETA,ZETA GLOBAL HOLDINGS CORP,50.0,17.5945,879.72
2025-09-28,AMD,ADVANCED MICRO DEVICES INC,20.0,136.7258,2734.52
2025-09-28,82W.BE,HIMS & HERS HEALTH INC,100.0,49.67,4967.0
2025-09-28,ASTS,AST SPACEMOBILE INC,5.0,42.0912,210.46
2025-09-28,PORTFOLIO,Total Portfolio,1.0,11071.52,11071.52
2025-09-29,CASH,Cash,1.0,137.55,137.55
2025-09-29,ASTS,AST SPACEMOBILE INC,5.0,41.7142,208.57
2025-09-29,82W.BE,HIMS & HERS HEALTH INC,100.0,50.56,5056.0
2025-09-29,ZETA,ZETA GLOBAL HOLDINGS CORP,50.0,17.9703,898.51
2025-09-29,NBIS,NEBIUS GROUP NV,5.0,94.1389,470.69
2025-09-29,AMD,ADVANCED MICRO DEVICES INC,20.0,137.8176,2756.35
2025-09-29,HROW,HARROW HEALTH INC,41.0,41.3384,1694.88
2025-09-29,PORTFOLIO,Total Portfolio,1.0,11222.56,11222.56
2025-09-30,CASH,Cash,1.0,137.55,137.55
2025-09-30,82W.BE,HIMS & HERS HEALTH INC,100.0,48.02,4802.0
2025-09-30,ASTS,AST SPACEMOBILE INC,5.0,41.8363,209.18
2025-09-30,AMD,ADVANCED MICRO DEVICES INC,20.0,137.9114,2758.23
2025-09-30,ZETA,ZETA GLOBAL HOLDINGS CORP,50.0,16.9374,846.87
2025-09-30,HROW,HARROW HEALTH INC,41.0,41.0691,1683.83
2025-09-30,NBIS,NEBIUS GROUP NV,5.0,95.7001,478.5
2025-09-30,PORTFOLIO,Total Portfolio,1.0,10916.16,10916.16
2025-10-01,CASH,Cash,1.0,785.95,785.95
2025-10-01,82W.BE,HIMS & HERS HEALTH INC,75.0,48.12,3609.0
2025-10-01,AMD,ADVANCED MICRO DEVICES INC,20.0,139.7513,2795.03
2025-10-01,ASTS,AST SPACEMOBILE INC,5.0,48.518,242.59
2025-10-01,ZETA,ZETA GLOBAL HOLDINGS CORP,50.0,17.0674,853.37
2025-10-01,PGY,PAGAYA TECHNOLOGIES LTD,20.0,25.486,509.72
2025-10-01,HROW,HARROW HEALTH INC,41.0,41.2156,1689.84
2025-10-01,NBIS,NEBIUS GROUP NV,5.0,98.5101,492.55
2025-10-01,PORTFOLIO,Total Portfolio,1.0,10978.04,10978.04
2025-10-02,CASH,Cash,1.0,785.95,785.95
2025-10-02,HROW,HARROW HEALTH INC,41.0,40.6765,1667.73
2025-10-02,PGY,PAGAYA TECHNOLOGIES LTD,20.0,26.4785,529.57
2025-10-02,ZETA,ZETA GLOBAL HOLDINGS CORP,50.0,16.3626,818.13
2025-10-02,NBIS,NEBIUS GROUP NV,5.0,107.2689,536.34
2025-10-02,AMD,ADVANCED MICRO DEVICES INC,20.0,144.6473,2892.95
2025-10-02,82W.BE,HIMS & HERS HEALTH INC,75.0,49.46,3709.5
2025-10-02,ASTS,AST SPACEMOBILE INC,5.0,56.3829,281.91
2025-10-02,PORTFOLIO,Total Portfolio,1.0,11222.09,11222.09
2025-10-03,CASH,Cash,1.0,785.95,785.95
2025-10-03,PGY,PAGAYA TECHNOLOGIES LTD,20.0,25.0744,501.49
2025-10-03,ZETA,ZETA GLOBAL HOLDINGS CORP,50.0,16.486,824.3
2025-10-03,NBIS,NEBIUS GROUP NV,5.0,109.1503,545.75
2025-10-03,AMD,ADVANCED MICRO DEVICES INC,20.0,140.4421,2808.84
2025-10-03,82W.BE,HIMS & HERS HEALTH INC,75.0,45.81,3435.75
2025-10-03,HROW,HARROW HEALTH INC,41.0,38.7459,1588.58
2025-10-03,ASTS,AST SPACEMOBILE INC,5.0,57.7905,288.95
2025-10-03,PORTFOLIO,Total Portfolio,1.0,10779.61,10779.61
2025-10-04,CASH,Cash,1.0,785.95,785.95
2025-10-04,HROW,HARROW HEALTH INC,41.0,38.7459,1588.58
2025-10-04,PGY,PAGAYA TECHNOLOGIES LTD,20.0,25.0744,501.49
2025-10-04,ZETA,ZETA GLOBAL HOLDINGS CORP,50.0,16.486,824.3
2025-10-04,NBIS,NEBIUS GROUP NV,5.0,109.1503,545.75
2025-10-04,AMD,ADVANCED MICRO DEVICES INC,20.0,140.4421,2808.84
2025-10-04,82W.BE,HIMS & HERS HEALTH INC,75.0,45.81,3435.75
2025-10-04,ASTS,AST SPACEMOBILE INC,5.0,57.7905,288.95
2025-10-04,PORTFOLIO,Total Portfolio,1.0,10779.61,10779.61
2025-10-05,CASH,Cash,1.0,785.95,785.95
2025-10-05,ASTS,AST SPACEMOBILE INC,5.0,57.7905,288.95
2025-10-05,82W.BE,HIMS & HERS HEALTH INC,75.0,45.81,3435.75
2025-10-05,AMD,ADVANCED MICRO DEVICES INC,20.0,140.4421,2808.84
2025-10-05,PGY,PAGAYA TECHNOLOGIES LTD,20.0,25.0744,501.49
2025-10-05,ZETA,ZETA GLOBAL HOLDINGS CORP,50.0,16.486,824.3
2025-10-05,HROW,HARROW HEALTH INC,41.0,38.7459,1588.58
2025-10-05,NBIS,NEBIUS GROUP NV,5.0,109.1503,545.75
2025-10-05,PORTFOLIO,Total Portfolio,1.0,10779.61,10779.61
2025-10-06,CASH,Cash,1.0,785.95,785.95
2025-10-06,ASTS,AST SPACEMOBILE INC,5.0,62.2413,311.21
2025-10-06,AMD,ADVANCED MICRO DEVICES INC,20.0,173.9256,3478.51
2025-10-06,82W.BE,HIMS & HERS HEALTH INC,75.0,46.47,3485.25
2025-10-06,ZETA,ZETA GLOBAL HOLDINGS CORP,50.0,17.0587,852.94
2025-10-06,NBIS,NEBIUS GROUP NV,5.0,106.6725,533.36
2025-10-06,PGY,PAGAYA TECHNOLOGIES LTD,20.0,25.3149,506.3
2025-10-06,HROW,HARROW HEALTH INC,41.0,35.9958,1475.83
2025-10-06,PORTFOLIO,Total Portfolio,1.0,11429.34,11429.34
2025-10-07,CASH,Cash,1.0,923.37,923.37
2025-10-07,HROW,HARROW HEALTH INC,45.0,35.7805,1610.12
2025-10-07,PGY,PAGAYA TECHNOLOGIES LTD,20.0,25.8405,516.81
2025-10-07,ZETA,ZETA GLOBAL HOLDINGS CORP,50.0,17.0448,852.24
2025-10-07,NBIS,NEBIUS GROUP NV,5.0,100.5099,502.55
2025-10-07,AMD,ADVANCED MICRO DEVICES INC,20.0,180.619,3612.38
2025-10-07,82W.BE,HIMS & HERS HEALTH INC,75.0,49.82,3736.5
2025-10-07,PORTFOLIO,Total Portfolio,1.0,11753.97,11753.97
2025-10-08,CASH,Cash,1.0,1804.33,1804.33
2025-10-08,HROW,HARROW HEALTH INC,50.0,34.0981,1704.91
2025-10-08,PGY,PAGAYA TECHNOLOGIES LTD,20.0,25.9297,518.59
2025-10-08,ZETA,ZETA GLOBAL HOLDINGS CORP,50.0,16.9633,848.16
2025-10-08,NBIS,NEBIUS GROUP NV,5.0,104.6797,523.4
2025-10-08,AMD,ADVANCED MICRO DEVICES INC,14.0,202.1176,2829.65
2025-10-08,82W.BE,HIMS & HERS HEALTH INC,75.0,50.0,3750.0
2025-10-08,CDLX,CARDLYTICS INC,50.0,1.9906,99.53
2025-10-08,PORTFOLIO,Total Portfolio,1.0,12078.57,12078.57
2025-10-09,CASH,Cash,1.0,927.24,927.24
2025-10-09,ROOT,ROOT INC,6.0,71.3379,428.03
2025-10-09,82W.BE,HIMS & HERS HEALTH INC,75.0,50.36,3777.0
2025-10-09,AMD,ADVANCED MICRO DEVICES INC,14.0,200.2155,2803.02
2025-10-09,CDLX,CARDLYTICS INC,50.0,1.8398,91.99
2025-10-09,ZETA,ZETA GLOBAL HOLDINGS CORP,60.0,17.5121,1050.73
2025-10-09,PGY,PAGAYA TECHNOLOGIES LTD,30.0,26.0661,781.98
2025-10-09,NBIS,NEBIUS GROUP NV,5.0,114.0306,570.15
2025-10-09,HROW,HARROW HEALTH INC,50.0,34.878,1743.9
2025-10-09,PORTFOLIO,Total Portfolio,1.0,12174.04,12174.04
2025-10-10,CASH,Cash,1.0,927.24,927.24
2025-10-10,HROW,HARROW HEALTH INC,50.0,32.4041,1620.2
2025-10-10,PGY,PAGAYA TECHNOLOGIES LTD,30.0,23.5077,705.23
2025-10-10,ZETA,ZETA GLOBAL HOLDINGS CORP,60.0,15.9081,954.49
2025-10-10,NBIS,NEBIUS GROUP NV,5.0,112.031,560.15
2025-10-10,AMD,ADVANCED MICRO DEVICES INC,14.0,185.7961,2601.15
2025-10-10,82W.BE,HIMS & HERS HEALTH INC,75.0,46.7,3502.5
2025-10-10,ROOT,ROOT INC,6.0,70.3674,422.2
2025-10-10,CDLX,CARDLYTICS INC,50.0,1.6513,82.57
2025-10-10,PORTFOLIO,Total Portfolio,1.0,11375.73,11375.73
2025-10-11,CASH,Cash,1.0,927.24,927.24
2025-10-11,HROW,HARROW HEALTH INC,50.0,32.4041,1620.2
2025-10-11,PGY,PAGAYA TECHNOLOGIES LTD,30.0,23.5077,705.23
2025-10-11,ZETA,ZETA GLOBAL HOLDINGS CORP,60.0,15.9081,954.49
2025-10-11,NBIS,NEBIUS GROUP NV,5.0,112.031,560.15
2025-10-11,AMD,ADVANCED MICRO DEVICES INC,14.0,185.7961,2601.15
2025-10-11,82W.BE,HIMS & HERS HEALTH INC,75.0,46.7,3502.5
2025-10-11,ROOT,ROOT INC,6.0,70.3674,422.2
2025-10-11,CDLX,CARDLYTICS INC,50.0,1.6513,82.57
2025-10-11,PORTFOLIO,Total Portfolio,1.0,11375.73,11375.73
2025-10-12,CASH,Cash,1.0,927.24,927.24
2025-10-12,CDLX,CARDLYTICS INC,50.0,1.6513,82.57
2025-10-12,ROOT,ROOT INC,6.0,70.3674,422.2
2025-10-12,82W.BE,HIMS & HERS HEALTH INC,75.0,46.7,3502.5
2025-10-12,PGY,PAGAYA TECHNOLOGIES LTD,30.0,23.5077,705.23
2025-10-12,NBIS,NEBIUS GROUP NV,5.0,112.031,560.15
2025-10-12,ZETA,ZETA GLOBAL HOLDINGS CORP,60.0,15.9081,954.49
2025-10-12,HROW,HARROW HEALTH INC,50.0,32.4041,1620.2
2025-10-12,AMD,ADVANCED MICRO DEVICES INC,14.0,185.7961,2601.15
2025-10-12,PORTFOLIO,Total Portfolio,1.0,11375.73,11375.73
2025-10-13,CASH,Cash,1.0,594.86,594.86
2025-10-13,CDLX,CARDLYTICS INC,50.0,1.6634,83.17
2025-10-13,82W.BE,HIMS & HERS HEALTH INC,75.0,47.31,3548.25
2025-10-13,AMD,ADVANCED MICRO DEVICES INC,14.0,186.5302,2611.42
2025-10-13,ROOT,ROOT INC,6.0,71.7782,430.67
2025-10-13,ZETA,ZETA GLOBAL HOLDINGS CORP,60.0,16.2811,976.87
2025-10-13,PGY,PAGAYA TECHNOLOGIES LTD,30.0,24.1071,723.21
2025-10-13,HROW,HARROW HEALTH INC,60.0,33.4155,2004.93
2025-10-13,NBIS,NEBIUS GROUP NV,5.0,116.7516,583.76
2025-10-13,PORTFOLIO,Total Portfolio,1.0,11557.14,11557.14
2025-10-14,CASH,Cash,1.0,594.86,594.86
2025-10-14,CDLX,CARDLYTICS INC,50.0,1.8328,91.64
2025-10-14,HROW,HARROW HEALTH INC,60.0,34.0283,2041.7
2025-10-14,PGY,PAGAYA TECHNOLOGIES LTD,30.0,25.8152,774.45
2025-10-14,ZETA,ZETA GLOBAL HOLDINGS CORP,60.0,16.6078,996.47
2025-10-14,NBIS,NEBIUS GROUP NV,5.0,110.7908,553.95
2025-10-14,AMD,ADVANCED MICRO DEVICES INC,14.0,188.5475,2639.67
2025-10-14,82W.BE,HIMS & HERS HEALTH INC,75.0,46.51,3488.25
2025-10-14,ROOT,ROOT INC,6.0,74.2035,445.22
2025-10-14,PORTFOLIO,Total Portfolio,1.0,11626.21,11626.21
2025-10-15,CASH,Cash,1.0,1276.83,1276.83
2025-10-15,HROW,HARROW HEALTH INC,60.0,33.9933,2039.6
2025-10-15,PGY,PAGAYA TECHNOLOGIES LTD,30.0,25.7794,773.38
2025-10-15,QTTB,Q32 BIO INC,40.0,3.1459,125.84
2025-10-15,ZETA,ZETA GLOBAL HOLDINGS CORP,60.0,16.0055,960.33
2025-10-15,NBIS,NEBIUS GROUP NV,5.0,108.4529,542.26
2025-10-15,AMD,ADVANCED MICRO DEVICES INC,14.0,205.6493,2879.09
2025-10-15,82W.BE,HIMS & HERS HEALTH INC,60.0,54.04,3242.4
2025-10-15,ROOT,ROOT INC,6.0,68.5124,411.07
2025-10-15,CDLX,CARDLYTICS INC,50.0,1.8531,92.65
2025-10-15,PORTFOLIO,Total Portfolio,1.0,12343.46,12343.46
2025-10-16,CASH,Cash,1.0,1276.83,1276.83
2025-10-16,CDLX,CARDLYTICS INC,50.0,1.7173,85.86
2025-10-16,ROOT,ROOT INC,6.0,64.7329,388.4
2025-10-16,82W.BE,HIMS & HERS HEALTH INC,60.0,50.16,3009.6
2025-10-16,AMD,ADVANCED MICRO DEVICES INC,14.0,201.4026,2819.64
2025-10-16,QTTB,Q32 BIO INC,40.0,3.0911,123.64
2025-10-16,ZETA,ZETA GLOBAL HOLDINGS CORP,60.0,15.653,939.18
2025-10-16,PGY,PAGAYA TECHNOLOGIES LTD,30.0,23.7843,713.53
2025-10-16,HROW,HARROW HEALTH INC,60.0,32.5596,1953.58
2025-10-16,NBIS,NEBIUS GROUP NV,5.0,105.6471,528.24
2025-10-16,PORTFOLIO,Total Portfolio,1.0,11838.49,11838.49
2025-10-17,CASH,Cash,1.0,1034.52,1034.52
2025-10-17,82W.BE,HIMS & HERS HEALTH INC,60.0,43.29,2597.4
2025-10-17,CDLX,CARDLYTICS INC,50.0,1.6069,80.34
2025-10-17,ROOT,ROOT INC,6.0,64.5663,387.4
2025-10-17,AMD,ADVANCED MICRO DEVICES INC,14.0,199.2205,2789.09
2025-10-17,PGY,PAGAYA TECHNOLOGIES LTD,40.0,22.6503,906.01
2025-10-17,ZETA,ZETA GLOBAL HOLDINGS CORP,60.0,15.2313,913.88
2025-10-17,QTTB,Q32 BIO INC,40.0,2.7095,108.38
2025-10-17,HROW,HARROW HEALTH INC,60.0,34.1977,2051.86
2025-10-17,NBIS,NEBIUS GROUP NV,5.0,96.9606,484.8
2025-10-17,PORTFOLIO,Total Portfolio,1.0,11353.69,11353.69
2025-10-18,CASH,Cash,1.0,1034.52,1034.52
2025-10-18,CDLX,CARDLYTICS INC,50.0,1.6069,80.34
2025-10-18,ROOT,ROOT INC,6.0,64.5663,387.4
2025-10-18,82W.BE,HIMS & HERS HEALTH INC,60.0,43.29,2597.4
2025-10-18,AMD,ADVANCED MICRO DEVICES INC,14.0,199.2205,2789.09
2025-10-18,NBIS,NEBIUS GROUP NV,5.0,96.9606,484.8
2025-10-18,QTTB,Q32 BIO INC,40.0,2.7095,108.38
2025-10-18,PGY,PAGAYA TECHNOLOGIES LTD,40.0,22.6503,906.01
2025-10-18,HROW,HARROW HEALTH INC,60.0,34.1977,2051.86
2025-10-18,ZETA,ZETA GLOBAL HOLDINGS CORP,60.0,15.2313,913.88
2025-10-18,PORTFOLIO,Total Portfolio,1.0,11353.69,11353.69
2025-10-19,CASH,Cash,1.0,1034.52,1034.52
2025-10-19,82W.BE,HIMS & HERS HEALTH INC,60.0,43.29,2597.4
2025-10-19,CDLX,CARDLYTICS INC,50.0,1.6069,80.34
2025-10-19,AMD,ADVANCED MICRO DEVICES INC,14.0,199.2205,2789.09
2025-10-19,ROOT,ROOT INC,6.0,64.5663,387.4
2025-10-19,ZETA,ZETA GLOBAL HOLDINGS CORP,60.0,15.2313,913.88
2025-10-19,QTTB,Q32 BIO INC,40.0,2.7095,108.38
2025-10-19,NBIS,NEBIUS GROUP NV,5.0,96.9606,484.8
2025-10-19,PGY,PAGAYA TECHNOLOGIES LTD,40.0,22.6503,906.01
2025-10-19,HROW,HARROW HEALTH INC,60.0,34.1977,2051.86
2025-10-19,PORTFOLIO,Total Portfolio,1.0,11353.69,11353.69
2025-10-20,CASH,Cash,1.0,1034.52,1034.52
2025-10-20,CDLX,CARDLYTICS INC,50.0,1.6727,83.64
2025-10-20,82W.BE,HIMS & HERS HEALTH INC,60.0,43.55,2613.0
2025-10-20,AMD,ADVANCED MICRO DEVICES INC,14.0,206.3572,2889.0
2025-10-20,ROOT,ROOT INC,6.0,66.644,399.86
2025-10-20,ZETA,ZETA GLOBAL HOLDINGS CORP,60.0,15.904,954.24
2025-10-20,QTTB,Q32 BIO INC,40.0,2.8565,114.26
2025-10-20,PGY,PAGAYA TECHNOLOGIES LTD,40.0,24.7996,991.98
2025-10-20,HROW,HARROW HEALTH INC,60.0,36.14,2168.4
2025-10-20,NBIS,NEBIUS GROUP NV,5.0,93.5024,467.51
2025-10-20,PORTFOLIO,Total Portfolio,1.0,11716.42,11716.42
2025-10-21,CASH,Cash,1.0,1497.18,1497.18
2025-10-21,CDLX,CARDLYTICS INC,50.0,1.6231,81.15
2025-10-21,HROW,HARROW HEALTH INC,60.0,35.0554,2103.32
2025-10-21,PGY,PAGAYA TECHNOLOGIES LTD,40.0,25.0936,1003.74
2025-10-21,QTTB,Q32 BIO INC,40.0,2.5506,102.02
2025-10-21,ZETA,ZETA GLOBAL HOLDINGS CORP,70.0,16.6947,1168.63
2025-10-21,NBIS,NEBIUS GROUP NV,7.0,89.5536,626.88
2025-10-21,AMD,ADVANCED MICRO DEVICES INC,10.0,204.4154,2044.15
2025-10-21,82W.BE,HIMS & HERS HEALTH INC,60.0,42.9,2574.0
2025-10-21,ROOT,ROOT INC,6.0,68.1614,408.97
2025-10-21,PORTFOLIO,Total Portfolio,1.0,11610.05,11610.05
2025-10-22,CASH,Cash,1.0,1832.22,1832.22
2025-10-22,HROW,HARROW HEALTH INC,60.0,33.5247,2011.48
2025-10-22,PGY,PAGAYA TECHNOLOGIES LTD,40.0,24.4992,979.97
2025-10-22,QTTB,Q32 BIO INC,40.0,2.2844,91.38
2025-10-22,ZETA,ZETA GLOBAL HOLDINGS CORP,80.0,15.9046,1272.37
2025-10-22,NBIS,NEBIUS GROUP NV,7.0,85.0144,595.1
2025-10-22,AMD,ADVANCED MICRO DEVICES INC,10.0,198.4675,1984.67
2025-10-22,82W.BE,HIMS & HERS HEALTH INC,60.0,40.85,2451.0
2025-10-22,ROOT,ROOT INC,6.0,67.2822,403.69
2025-10-22,CDLX,CARDLYTICS INC,50.0,1.6551,82.76
2025-10-22,PORTFOLIO,Total Portfolio,1.0,11704.64,11704.64
2025-10-23,CASH,Cash,1.0,1352.66,1352.66
2025-10-23,CDLX,CARDLYTICS INC,50.0,1.7832,89.16
2025-10-23,ROOT,ROOT INC,6.0,66.641,399.85
2025-10-23,82W.BE,HIMS & HERS HEALTH INC,60.0,41.48,2488.8
2025-10-23,AMD,ADVANCED MICRO DEVICES INC,10.0,202.4298,2024.3
2025-10-23,QTTB,Q32 BIO INC,40.0,2.412,96.48
2025-10-23,ZETA,ZETA GLOBAL HOLDINGS CORP,110.0,16.1003,1771.03
2025-10-23,PGY,PAGAYA TECHNOLOGIES LTD,40.0,25.4297,1017.19
2025-10-23,HROW,HARROW HEALTH INC,60.0,33.6306,2017.84
2025-10-23,NBIS,NEBIUS GROUP NV,7.0,91.4505,640.15
2025-10-23,PORTFOLIO,Total Portfolio,1.0,11897.46,11897.46
2025-10-24,CASH,Cash,1.0,1352.66,1352.66
2025-10-24,82W.BE,HIMS & HERS HEALTH INC,60.0,42.12,2527.2
2025-10-24,CDLX,CARDLYTICS INC,50.0,1.7473,87.36
2025-10-24,ROOT,ROOT INC,6.0,65.6565,393.94
2025-10-24,AMD,ADVANCED MICRO DEVICES INC,10.0,217.6958,2176.96
2025-10-24,ZETA,ZETA GLOBAL HOLDINGS CORP,110.0,16.1731,1779.04
2025-10-24,NBIS,NEBIUS GROUP NV,7.0,100.9292,706.5
2025-10-24,QTTB,Q32 BIO INC,40.0,2.5564,102.25
2025-10-24,PGY,PAGAYA TECHNOLOGIES LTD,40.0,24.9956,999.82
2025-10-24,HROW,HARROW HEALTH INC,60.0,33.1553,1989.32
2025-10-24,PORTFOLIO,Total Portfolio,1.0,12115.07,12115.07
2025-10-25,CASH,Cash,1.0,1352.66,1352.66
2025-10-25,CDLX,CARDLYTICS INC,50.0,1.7473,87.36
2025-10-25,ROOT,ROOT INC,6.0,65.6565,393.94
2025-10-25,82W.BE,HIMS & HERS HEALTH INC,60.0,42.12,2527.2
2025-10-25,AMD,ADVANCED MICRO DEVICES INC,10.0,217.6958,2176.96
2025-10-25,ZETA,ZETA GLOBAL HOLDINGS CORP,110.0,16.1731,1779.04
2025-10-25,QTTB,Q32 BIO INC,40.0,2.5564,102.25
2025-10-25,PGY,PAGAYA TECHNOLOGIES LTD,40.0,24.9956,999.82
2025-10-25,HROW,HARROW HEALTH INC,60.0,33.1553,1989.32
2025-10-25,NBIS,NEBIUS GROUP NV,7.0,100.9292,706.5
2025-10-25,PORTFOLIO,Total Portfolio,1.0,12115.07,12115.07
2025-10-26,CASH,Cash,1.0,1352.66,1352.66
2025-10-26,82W.BE,HIMS & HERS HEALTH INC,60.0,42.12,2527.2
2025-10-26,CDLX,CARDLYTICS INC,50.0,1.7473,87.36
2025-10-26,ROOT,ROOT INC,6.0,65.6565,393.94
2025-10-26,AMD,ADVANCED MICRO DEVICES INC,10.0,217.6958,2176.96
2025-10-26,QTTB,Q32 BIO INC,40.0,2.5564,102.25
2025-10-26,ZETA,ZETA GLOBAL HOLDINGS CORP,110.0,16.1731,1779.04
2025-10-26,PGY,PAGAYA TECHNOLOGIES LTD,40.0,24.9956,999.82
2025-10-26,HROW,HARROW HEALTH INC,60.0,33.1553,1989.32
2025-10-26,NBIS,NEBIUS GROUP NV,7.0,100.9292,706.5
2025-10-26,PORTFOLIO,Total Portfolio,1.0,12115.07,12115.07
2025-10-27,CASH,Cash,1.0,1352.66,1352.66
2025-10-27,HROW,HARROW HEALTH INC,60.0,32.8757,1972.54
2025-10-27,PGY,PAGAYA TECHNOLOGIES LTD,40.0,24.9405,997.62
2025-10-27,QTTB,Q32 BIO INC,40.0,2.4072,96.29
2025-10-27,ZETA,ZETA GLOBAL HOLDINGS CORP,110.0,16.2229,1784.52
2025-10-27,NBIS,NEBIUS GROUP NV,7.0,107.8347,754.84
2025-10-27,AMD,ADVANCED MICRO DEVICES INC,10.0,223.2435,2232.44
2025-10-27,82W.BE,HIMS & HERS HEALTH INC,60.0,41.49,2489.4
2025-10-27,ROOT,ROOT INC,6.0,69.8351,419.01
2025-10-27,CDLX,CARDLYTICS INC,50.0,1.7796,88.98
2025-10-27,PORTFOLIO,Total Portfolio,1.0,12188.3,12188.3
2025-10-28,CASH,Cash,1.0,1352.66,1352.66
2025-10-28,PGY,PAGAYA TECHNOLOGIES LTD,40.0,24.4341,977.36
2025-10-28,QTTB,Q32 BIO INC,40.0,2.1971,87.88
2025-10-28,ZETA,ZETA GLOBAL HOLDINGS CORP,110.0,15.5771,1713.48
2025-10-28,NBIS,NEBIUS GROUP NV,7.0,104.5594,731.92
2025-10-28,AMD,ADVANCED MICRO DEVICES INC,10.0,221.4345,2214.35
2025-10-28,82W.BE,HIMS & HERS HEALTH INC,60.0,40.66,2439.6
2025-10-28,ROOT,ROOT INC,6.0,67.1058,402.63
2025-10-28,CDLX,CARDLYTICS INC,50.0,1.7079,85.39
2025-10-28,HROW,HARROW HEALTH INC,60.0,32.7419,1964.51
2025-10-28,PORTFOLIO,Total Portfolio,1.0,11969.79,11969.79
2025-10-29,CASH,Cash,1.0,1040.69,1040.69
2025-10-29,HROW,HARROW HEALTH INC,60.0,31.5495,1892.97
2025-10-29,PGY,PAGAYA TECHNOLOGIES LTD,40.0,23.9409,957.64
2025-10-29,QTTB,Q32 BIO INC,40.0,2.2989,91.96
2025-10-29,ZETA,ZETA GLOBAL HOLDINGS CORP,130.0,15.2258,1979.35
2025-10-29,NBIS,NEBIUS GROUP NV,7.0,107.3095,751.17
2025-10-29,AMD,ADVANCED MICRO DEVICES INC,10.0,226.7396,2267.4
2025-10-29,82W.BE,HIMS & HERS HEALTH INC,60.0,40.29,2417.4
2025-10-29,ROOT,ROOT INC,6.0,67.285,403.71
2025-10-29,CDLX,CARDLYTICS INC,50.0,1.6641,83.21
2025-10-29,PORTFOLIO,Total Portfolio,1.0,11885.48,11885.48
2025-10-30,CASH,Cash,1.0,1040.69,1040.69
2025-10-30,CDLX,CARDLYTICS INC,50.0,1.6375,81.87
2025-10-30,ROOT,ROOT INC,6.0,66.7135,400.28
2025-10-30,AMD,ADVANCED MICRO DEVICES INC,10.0,219.6262,2196.26
2025-10-30,82W.BE,HIMS & HERS HEALTH INC,60.0,38.34,2300.4
2025-10-30,ZETA,ZETA GLOBAL HOLDINGS CORP,130.0,14.6596,1905.74
2025-10-30,QTTB,Q32 BIO INC,40.0,2.3786,95.14
2025-10-30,PGY,PAGAYA TECHNOLOGIES LTD,40.0,22.4073,896.29
2025-10-30,HROW,HARROW HEALTH INC,60.0,32.37,1942.2
2025-10-30,NBIS,NEBIUS GROUP NV,7.0,107.0208,749.15
2025-10-30,PORTFOLIO,Total Portfolio,1.0,11608.03,11608.03
2025-10-31,CASH,Cash,1.0,1040.69,1040.69
2025-10-31,ROOT,ROOT INC,6.0,69.5789,417.47
2025-10-31,82W.BE,HIMS & HERS HEALTH INC,60.0,39.41,2364.6
2025-10-31,AMD,ADVANCED MICRO DEVICES INC,10.0,221.3184,2213.18
2025-10-31,CDLX,CARDLYTICS INC,50.0,1.6764,83.82
2025-10-31,ZETA,ZETA GLOBAL HOLDINGS CORP,130.0,15.5455,2020.92
2025-10-31,NBIS,NEBIUS GROUP NV,7.0,113.0442,791.31
2025-10-31,HROW,HARROW HEALTH INC,60.0,32.6378,1958.27
2025-10-31,QTTB,Q32 BIO INC,40.0,2.4282,97.13
2025-10-31,PGY,PAGAYA TECHNOLOGIES LTD,40.0,23.2362,929.45
2025-10-31,PORTFOLIO,Total Portfolio,1.0,11916.84,11916.84
2025-11-01,CASH,Cash,1.0,1040.69,1040.69
2025-11-01,HROW,HARROW HEALTH INC,60.0,32.6378,1958.27
2025-11-01,PGY,PAGAYA TECHNOLOGIES LTD,40.0,23.2362,929.45
2025-11-01,QTTB,Q32 BIO INC,40.0,2.4282,97.13
2025-11-01,NBIS,NEBIUS GROUP NV,7.0,113.0442,791.31
2025-11-01,AMD,ADVANCED MICRO DEVICES INC,10.0,221.3184,2213.18
2025-11-01,82W.BE,HIMS & HERS HEALTH INC,60.0,39.41,2364.6
2025-11-01,ROOT,ROOT INC,6.0,69.5789,417.47
2025-11-01,CDLX,CARDLYTICS INC,50.0,1.6764,83.82
2025-11-01,ZETA,ZETA GLOBAL HOLDINGS CORP,130.0,15.5455,2020.92
2025-11-01,PORTFOLIO,Total Portfolio,1.0,11916.84,11916.84
2025-11-02,CASH,Cash,1.0,1040.69,1040.69
2025-11-02,ROOT,ROOT INC,6.0,69.5789,417.47
2025-11-02,CDLX,CARDLYTICS INC,50.0,1.6764,83.82
2025-11-02,82W.BE,HIMS & HERS HEALTH INC,60.0,39.41,2364.6
2025-11-02,AMD,ADVANCED MICRO DEVICES INC,10.0,221.3184,2213.18
2025-11-02,ZETA,ZETA GLOBAL HOLDINGS CORP,130.0,15.5455,2020.92
2025-11-02,QTTB,Q32 BIO INC,40.0,2.4282,97.13
2025-11-02,PGY,PAGAYA TECHNOLOGIES LTD,40.0,23.2362,929.45
2025-11-02,HROW,HARROW HEALTH INC,60.0,32.6378,1958.27
2025-11-02,NBIS,NEBIUS GROUP NV,7.0,113.0442,791.31
2025-11-02,PORTFOLIO,Total Portfolio,1.0,11916.84,11916.84
2025-11-03,CASH,Cash,1.0,668.32,668.32
2025-11-03,ROOT,ROOT INC,6.0,70.0813,420.49
2025-11-03,HROW,HARROW HEALTH INC,60.0,31.1935,1871.61
2025-11-03,PGY,PAGAYA TECHNOLOGIES LTD,60.0,22.7619,1365.71
2025-11-03,ZETA,ZETA GLOBAL HOLDINGS CORP,130.0,15.2845,1986.98
2025-11-03,NBIS,NEBIUS GROUP NV,7.0,104.5017,731.51
2025-11-03,AMD,ADVANCED MICRO DEVICES INC,10.0,225.2334,2252.33
2025-11-03,82W.BE,HIMS & HERS HEALTH INC,60.0,39.09,2345.4
2025-11-03,CDLX,CARDLYTICS INC,50.0,1.6482,82.41
2025-11-03,PORTFOLIO,Total Portfolio,1.0,11724.77,11724.77
2025-11-04,CASH,Cash,1.0,668.32,668.32
2025-11-04,PGY,PAGAYA TECHNOLOGIES LTD,60.0,21.8419,1310.51
2025-11-04,ZETA,ZETA GLOBAL HOLDINGS CORP,130.0,14.4976,1884.69
2025-11-04,NBIS,NEBIUS GROUP NV,7.0,95.962,671.73
2025-11-04,CDLX,CARDLYTICS INC,50.0,1.5062,75.31
2025-11-04,82W.BE,HIMS & HERS HEALTH INC,60.0,38.67,2320.2
2025-11-04,ROOT,ROOT INC,6.0,68.7377,412.43
2025-11-04,HROW,HARROW HEALTH INC,60.0,30.6533,1839.2
2025-11-04,AMD,ADVANCED MICRO DEVICES INC,10.0,217.0734,2170.73
2025-11-04,PORTFOLIO,Total Portfolio,1.0,11353.13,11353.13
2025-11-05,CASH,Cash,1.0,355.91,355.91
2025-11-05,HROW,HARROW HEALTH INC,70.0,30.8388,2158.71
2025-11-05,PGY,PAGAYA TECHNOLOGIES LTD,60.0,22.2802,1336.81
2025-11-05,ZETA,ZETA GLOBAL HOLDINGS CORP,130.0,17.361,2256.92
2025-11-05,NBIS,NEBIUS GROUP NV,7.0,101.8672,713.07
2025-11-05,AMD,ADVANCED MICRO DEVICES INC,10.0,223.1763,2231.76
2025-11-05,82W.BE,HIMS & HERS HEALTH INC,60.0,38.92,2335.2
2025-11-05,ROOT,ROOT INC,6.0,77.332,463.99
2025-11-05,CDLX,CARDLYTICS INC,50.0,1.5324,76.62
2025-11-05,PORTFOLIO,Total Portfolio,1.0,11929.0,11929.0
2025-11-06,CASH,Cash,1.0,355.91,355.91
2025-11-06,ROOT,ROOT INC,6.0,70.4633,422.78
2025-11-06,82W.BE,HIMS & HERS HEALTH INC,60.0,37.26,2235.6
2025-11-06,AMD,ADVANCED MICRO DEVICES INC,10.0,206.7538,2067.54
2025-11-06,CDLX,CARDLYTICS INC,50.0,1.096,54.8
2025-11-06,ZETA,ZETA GLOBAL HOLDINGS CORP,130.0,17.0309,2214.01
2025-11-06,PGY,PAGAYA TECHNOLOGIES LTD,60.0,20.3449,1220.69
2025-11-06,HROW,HARROW HEALTH INC,70.0,29.9563,2096.94
2025-11-06,NBIS,NEBIUS GROUP NV,7.0,95.192,666.34
2025-11-06,PORTFOLIO,Total Portfolio,1.0,11334.61,11334.61
2025-11-07,CASH,Cash,1.0,1055.91,1055.91
2025-11-07,CDLX,CARDLYTICS INC,50.0,1.2209,61.04
2025-11-07,ROOT,ROOT INC,6.0,68.4722,410.83
2025-11-07,82W.BE,HIMS & HERS HEALTH INC,60.0,34.84,2090.4
2025-11-07,ZETA,ZETA GLOBAL HOLDINGS CORP,130.0,16.8929,2196.08
2025-11-07,NBIS,NEBIUS GROUP NV,7.0,96.3529,674.47
2025-11-07,PGY,PAGAYA TECHNOLOGIES LTD,60.0,21.1703,1270.22
2025-11-07,HROW,HARROW HEALTH INC,70.0,29.3786,2056.5
2025-11-07,AMD,ADVANCED MICRO DEVICES INC,10.0,202.2129,2022.13
2025-11-07,PORTFOLIO,Total Portfolio,1.0,11837.59,11837.59
2025-11-08,CASH,Cash,1.0,1055.91,1055.91
2025-11-08,CDLX,CARDLYTICS INC,50.0,1.2209,61.04
2025-11-08,ROOT,ROOT INC,6.0,68.4722,410.83
2025-11-08,82W.BE,HIMS & HERS HEALTH INC,60.0,34.84,2090.4
2025-11-08,AMD,ADVANCED MICRO DEVICES INC,10.0,202.2129,2022.13
2025-11-08,ZETA,ZETA GLOBAL HOLDINGS CORP,130.0,16.8929,2196.08
2025-11-08,PGY,PAGAYA TECHNOLOGIES LTD,60.0,21.1703,1270.22
2025-11-08,HROW,HARROW HEALTH INC,70.0,29.3786,2056.5
2025-11-08,NBIS,NEBIUS GROUP NV,7.0,96.3529,674.47
2025-11-08,PORTFOLIO,Total Portfolio,1.0,11837.59,11837.59
2025-11-09,CASH,Cash,1.0,1055.91,1055.91
2025-11-09,CDLX,CARDLYTICS INC,50.0,1.2209,61.04
2025-11-09,ROOT,ROOT INC,6.0,68.4722,410.83
2025-11-09,82W.BE,HIMS & HERS HEALTH INC,60.0,34.84,2090.4
2025-11-09,ZETA,ZETA GLOBAL HOLDINGS CORP,130.0,16.8929,2196.08
2025-11-09,NBIS,NEBIUS GROUP NV,7.0,96.3529,674.47
2025-11-09,PGY,PAGAYA TECHNOLOGIES LTD,60.0,21.1703,1270.22
2025-11-09,HROW,HARROW HEALTH INC,70.0,29.3786,2056.5
2025-11-09,AMD,ADVANCED MICRO DEVICES INC,10.0,202.2129,2022.13
2025-11-09,PORTFOLIO,Total Portfolio,1.0,11837.59,11837.59
2025-11-10,CASH,Cash,1.0,1055.91,1055.91
2025-11-10,HROW,HARROW HEALTH INC,70.0,29.5741,2070.19
2025-11-10,PGY,PAGAYA TECHNOLOGIES LTD,60.0,23.8915,1433.49
2025-11-10,ZETA,ZETA GLOBAL HOLDINGS CORP,130.0,17.2299,2239.89
2025-11-10,NBIS,NEBIUS GROUP NV,7.0,95.2453,666.72
2025-11-10,AMD,ADVANCED MICRO DEVICES INC,10.0,211.3501,2113.5
2025-11-10,82W.BE,HIMS & HERS HEALTH INC,60.0,35.31,2118.6
2025-11-10,ROOT,ROOT INC,6.0,78.7084,472.25
2025-11-10,CDLX,CARDLYTICS INC,50.0,1.2388,61.94
2025-11-10,PORTFOLIO,Total Portfolio,1.0,12232.48,12232.48
2025-11-11,CASH,Cash,1.0,1055.91,1055.91
2025-11-11,PGY,PAGAYA TECHNOLOGIES LTD,60.0,24.0283,1441.7
2025-11-11,ZETA,ZETA GLOBAL HOLDINGS CORP,130.0,17.1321,2227.18
2025-11-11,NBIS,NEBIUS GROUP NV,7.0,88.4469,619.13
2025-11-11,AMD,ADVANCED MICRO DEVICES INC,10.0,205.5166,2055.17
2025-11-11,82W.BE,HIMS & HERS HEALTH INC,60.0,35.12,2107.2
2025-11-11,ROOT,ROOT INC,6.0,74.3864,446.32
2025-11-11,CDLX,CARDLYTICS INC,50.0,1.2719,63.6
2025-11-11,HROW,HARROW HEALTH INC,70.0,33.5202,2346.41
2025-11-11,PORTFOLIO,Total Portfolio,1.0,12362.61,12362.61
2025-11-12,CASH,Cash,1.0,1055.91,1055.91
2025-11-12,PGY,PAGAYA TECHNOLOGIES LTD,60.0,23.9822,1438.93
2025-11-12,ZETA,ZETA GLOBAL HOLDINGS CORP,130.0,17.0993,2222.91
2025-11-12,NBIS,NEBIUS GROUP NV,7.0,88.2772,617.94
2025-11-12,AMD,ADVANCED MICRO DEVICES INC,10.0,205.1223,2051.22
2025-11-12,82W.BE,HIMS & HERS HEALTH INC,60.0,34.74,2084.4
2025-11-12,ROOT,ROOT INC,6.0,74.2437,445.46
2025-11-12,CDLX,CARDLYTICS INC,50.0,1.2695,63.47
2025-11-12,HROW,HARROW HEALTH INC,70.0,33.4559,2341.91
2025-11-12,PORTFOLIO,Total Portfolio,1.0,12322.16,12322.16
